filename,starcoder2-3B-2000beg,starcoder2B-2000end,starcoder2B-2000mid
1C Enterprise,85.70518295112001,93.42453370503999,82.38874358368
2-Dimensional Array,29.41397172104,25.65913621568,28.894227738559998
4D,59.395449957080004,49.76172787936,49.39770310612
ABAP,14.911256716,11.72289251884,12.31005232228
ABAP CDS,33.16915710504,28.496598884679997,25.97704477856
ABNF,14.43947099752,14.21775172434,12.27400970928
AGS Script,59.08698104608,55.92377582036,50.38027923912
AIDL,26.472270484040003,27.83843348568,25.98095317556
AL,41.013035839560004,38.90093785252,40.39089721384
AMPL,30.871576657,28.60961377068,24.04075379456
API Blueprint,44.85682504656,43.33340513002,34.80831816184
APL,42.05016753456,41.398524568019994,37.58682722684
ASL,28.79531006304,27.647679349679997,25.171276848559998
ASN.1,16.36546185152,12.54543212634,11.74183680628
ASP.NET,57.39833711408,56.047654627360004,52.30765897412
ATS,125.18893558268,126.54073025605999,119.66490319252
ActionScript,56.68188773908,53.01502974836,48.140391836119996
Adblock Filter List,73.2024396336,71.8423800937,62.736845696399996
Adobe Font Metrics,44.49707015956,37.88644515202,36.78307410984
Agda,13.33753207752,13.78806506634,11.96562182828
Alloy,43.462199731560005,38.95352641602,37.655807933839995
Alpine Abuild,15.70693930652,14.12494091584,15.33276574228
Altium Designer,62.103987359079994,57.164167209359995,50.14792640012
AngelScript,34.19593442604,26.390667727679997,26.49388212256
Ant Build System,13.43719683052,13.732194434339998,12.46425865328
Antlers,70.37675158260001,67.5866483917,66.0316355084
ApacheConf,57.25731727608,57.69100825635999,49.78590960612
Apex,134.53682793468,112.17882464556,116.60588481252
Apollo Guidance Computer,14.02597507552,12.97237477034,13.28636903328
AppleScript,101.53124357764,95.69454867688,88.58582506796
AsciiDoc,44.61491168456,37.25690323452,37.43027886284
AspectJ,28.98514599504,25.727746967679998,25.037262211559998
Assembly,167.38430079372,158.28502285674,149.64287388508
Astro,14.00833693552,12.832110185840001,11.72160286228
Asymptote,29.73869468004,27.050933420679996,25.58712852856
AutoHotkey,14.15647262252,14.95114581134,14.26831912628
Avro IDL,15.70875781552,14.07963457334,14.022927405279999
Awk,13.15074601052,11.84164803084,12.889835185279999
B4X,47.27505489056,39.294298196019994,40.85423459184
BASIC,56.877040194079996,52.50748279536,54.28690161612
BQN,28.73708636304,28.686780279679997,25.327501861560002
Ballerina,68.5671728376,59.7150762842,69.28102405839999
Beef,44.02649863056,40.75694076302,37.97568874284
Befunge,72.7916620246,62.7526529337,60.3406230354
Berry,27.811910224040002,30.54661833068,24.63680183656
BibTeX,26.649514245040002,24.70071976168,24.079799855559997
Bicep,47.28320523856,42.236158504520006,35.29743024084
Bikeshed,31.22210883604,26.20572272168,25.27086605956
BitBake,79.94687879612,84.25866452904,75.80132552268
Blade,32.38857972104,29.48212130668,25.356551786559997
BlitzBasic,45.62852851804,41.97814771302,38.524737990839995
BlitzMax,15.16574862552,12.93834337934,13.67309523628
Bluespec,30.29035348704,26.05590042868,25.49354394356
Bluespec BH,56.97238802208,62.03825926636,49.21330528112
Boogie,40.33757082556,39.77604974002,41.832058372839995
Brainfuck,68.7854812366,62.9162722942,65.9718094454
BrighterScript,42.75385344256,40.21128049002,40.67774180684
Brightscript,13.87227974152,14.49915913734,12.50681304828
Browserslist,30.569956960040003,27.10694397268,24.364277372559997
C,843.75118958716,794.71862841672,759.6779610142399
C#,128.26771067068,118.92370422206,111.63358578452
C++,804.0660845496,753.3948338347,715.6861325204
CAP CDS,70.9465316736,66.1632781637,61.116645898399995
CIL,27.35320908804,26.142094451680002,24.29607600156
CLIPS,26.48017090404,29.26478773268,26.894204628559997
CMake,105.48606778564,100.61994068638,88.81854631096
COBOL,55.70428876708,54.15366813136,48.104531740119995
CODEOWNERS,14.14362416152,13.257818005339999,16.38054355228
CSON,56.52457236408,54.14129906636,49.50689518212
CSS,35.36084110104,30.28855054568,24.78051933356
CSV,13.21167433752,13.19557555734,11.97494912728
CUE,27.428448924039998,29.170584759679997,27.87218218256
CWeb,30.04402358,29.024577605679998,27.55141055956
Cabal Config,59.91585881408,52.521713931360004,49.89053347812
Caddyfile,27.53187772204,26.105749052679997,25.37857317956
Cadence,88.53326537212,79.11309309203999,73.66662234668
Cairo,75.16680416060001,63.7490074222,61.4499649814
Cairo Zero,75.908224566,67.2422013302,62.3420080394
CameLIGO,14.26472971252,12.91991335334,12.649273042279999
Carbon,27.58773640204,24.69051996968,24.41731514556
CartoCSS,14.72004843452,12.79356118034,12.45247601128
Ceylon,13.03022924452,13.26388358334,12.34826816028
Chapel,74.9316253676,73.7393440717,68.8959153734
Charity,15.90581975852,13.31821756234,12.16601861528
Checksums,253.93498381236,227.62173786012,226.84079872904
Circom,40.59370561856,39.86395493252,39.58486098184
Cirru,209.20825325927999,198.66171430376,177.12008759392
Clarion,64.05783198908,57.51342579036,48.52625197912
Clarity,42.68943130356,37.47926754052,37.63695903184
Classic ASP,27.25636719204,26.373551673679998,24.787838695559998
Clean,128.04979135668,126.17175000505999,116.30065526252
Click,27.90659437904,26.37403800168,25.14539124356
Clojure,145.51279303319998,127.9271012254,129.8585364108
Closure Templates,16.66655631652,13.023902203339999,11.92693764828
Cloud Firestore Security Rules,14.61861307052,17.63153277734,13.64152057928
CoNLL-U,44.634638293,42.00045383602,40.01095723484
CodeQL,87.82605274912,75.22140043304,76.34066925668
CoffeeScript,136.5183523112,140.2905926854,122.3076357078
ColdFusion,13.72242266452,12.74781657684,12.24034149528
ColdFusion CFC,29.55284336204,26.824797444679998,27.37646383256
Common Lisp,128.00347600167999,128.97179288406,111.03574404951999
Common Workflow Language,13.58917901052,12.40331634584,12.60753524428
Component Pascal,30.378307715040002,28.991874534679997,25.49687916256
Cool,28.76599126804,25.08894708468,25.00217555556
Coq,182.61777079576,176.90884199541998,173.08855059164
Creole,13.10003039552,13.52797853734,14.69467832728
Crystal,41.47991766756,45.668620562019996,36.41117541184
Csound,42.09124166956,38.59197237802,36.84401788984
Csound Document,42.63449702256,37.501707052520004,36.80191736384
Csound Score,39.62429434356,38.15190763052,37.86352417884
Cuda,29.51889439004,27.012914967679997,24.544538235559997
Cue Sheet,29.55668625104,29.33407180068,26.782397841559998
Curry,31.28616323204,27.941652317679996,25.74129379456
Cycript,17.31462654652,15.22156705734,12.305283081279999
Cylc,42.039850636560004,42.06682371901999,37.06428174384
Cypher,61.50957372308,51.28693225836,52.19689178512
D,132.69326107668,125.77126534205999,109.87321055652001
D2,31.171692856039996,25.758415031680002,24.82399405356
DIGITAL Command Language,61.93779797208,54.31557812536,56.14886539012
DM,13.79118412152,13.118349776339999,12.22088416628
DNS Zone,31.607291407999995,26.01624887468,23.82278068256
DTrace,41.40119360556,37.676385193019996,35.92352231084
Dafny,29.69438274704,26.41111698268,25.92965950056
Dart,16.23520969252,13.71980360734,12.68452494428
DataWeave,75.6130572826,65.67878835069999,60.0810703854
Debian Package Control File,26.39961337804,29.77896039168,26.150359800559997
DenizenScript,30.458996565039996,27.25862427668,24.57392252156
Dhall,26.40569610604,27.23182926168,24.289921785559997
Diff,14.66242207052,13.136233602339999,11.648259337279999
DirectX 3D File,14.25543274152,14.20766602034,12.87036032328
Dockerfile,32.18221921604,26.647013693679998,27.998466810559997
Dogescript,14.590841985520001,12.81373412234,13.239904663279999
Dotenv,200.01551227628,188.46495976976,177.62385387792
Dune,16.28261549852,17.65939810134,13.687000445279999
E,102.82215739464,94.69400280138,84.87257531496
E-mail,15.78450658452,13.153350677339999,12.55811992128
EBNF,56.89491576108,53.55902753236,51.25094427912
ECL,14.88086603352,13.00821311084,11.45362332028
ECLiPSe,13.26319204852,13.305429474339999,12.76212528228
EJS,76.80246077359999,71.64867924769999,60.008255791399996
EQ,40.40335983856,39.31904434202,37.19239714484
Eagle,28.89738006504,27.32858047768,25.664483170559997
Earthly,14.530526821,13.03819177034,12.60258232128
Easybuild,13.27935565652,12.78361653784,11.77137463928
Ecmarkup,13.68497251052,12.58893824934,11.602014670279999
Edge,15.69851135452,14.37732591434,12.89279016128
EdgeQL,27.50233166304,26.08337081968,25.09492503656
EditorConfig,40.24255919756,40.16275604702,38.14833983484
Edje Data Collection,14.46007078152,12.88401391934,12.93206145328
Eiffel,105.37341467064,92.84586036937999,93.44479132896
Elixir,87.39972996512,84.32465942104,73.78351638667999
Elm,41.08050356956,38.93883274752,39.40251635184
Elvish,13.69711451652,13.70756990134,12.48620020928
Emacs Lisp,156.40002959672,143.47307984824002,138.22810067408
EmberScript,14.49166730152,11.96504385234,11.83243364028
Erlang,237.55248406432,224.07228549043998,197.01901781548
Euphoria,161.029647299,140.2750106184,131.2746213188
F#,118.19407489116,103.83706804272,108.45500348024
FIGlet Font,14.27265381552,12.71560604834,13.49634926128
FIRRTL,30.58842862204,27.52093769068,29.76574117656
FLUX,58.880621234079996,51.06873409136,50.41206579412
Fantom,30.41204667004,27.95316198068,25.20176417156
Faust,30.377309067040002,28.67800126368,24.983815755560002
Fennel,27.37917598704,24.922616409680003,26.77413695756
Filebench WML,17.03838796252,11.84567725634,12.61310760728
Filterscript,26.67122631604,30.75778346868,27.044807386560002
Fluent,70.4816103556,65.8241529082,62.1775691984
Formatted,49.84012620356,44.79597862952,40.244196951839996
Forth,240.55793798932,207.29284501044,208.24396301648
Fortran,71.2328299816,65.4137401402,60.5743942104
FreeBASIC,56.97219762608,54.03456964636,52.37117691212
FreeMarker,28.56515279404,24.35981824868,25.69078127456
Frege,55.77978628508,52.89989344636,49.93873985012
Fstar,46.57916304956,42.186343369019994,38.72830349784
Futhark,16.30858894552,15.99912096834,12.71888109628
G-code,44.843588975559996,40.43138542052,39.35921674484
GAML,90.53863141712,82.78973861504,76.58767081168
GAMS,15.70166786652,13.614267630339999,16.91794444328
GAP,125.81008553668,131.35708768406,115.12379967252
GCC Machine Description,15.44707495952,13.219208351339999,12.32197973328
GDB,28.959691874039997,25.62708352168,26.78948054956
GDScript,59.709237898,59.54085626535999,50.44533406712
GEDCOM,15.59237646252,13.11844393034,14.43829182628
GLSL,301.5984590084,270.09724114979997,250.14493580159998
GN,155.31783659272,155.34547617574,136.27785681708
GSC,85.79641355612,83.34193190004,75.73586032468
Game Maker Language,157.28340599372,149.76126417474,137.74627293008
Gemfile.lock,14.46439249552,13.18529244734,12.52696312228
Gemini,15.63424480752,13.61315432434,13.28015402028
Genero 4gl,44.39104168556,40.23378593802,40.01528784084
Genero per,13.34055747952,14.50813550234,12.75386497128
Genie,59.02402214608,51.20143612836,49.256782166120004
Gerber Image,268.79629857136,265.61839426911996,244.86924702304
Gherkin,27.53511823404,24.589298972679998,27.60508221256
Git Attributes,14.12894817152,14.638853876339999,12.77096683428
Git Config,44.77868454856,38.756216633019996,39.28295711884
Git Revision List,13.04882726252,14.06209757534,11.96664023528
Gleam,26.81169906704,25.75632875568,25.13072493056
Glimmer JS,27.75439728704,28.81970599068,24.00078900556
Glimmer TS,28.247617483040003,24.55509340168,25.45775937456
Glyph Bitmap Distribution Format,14.38928958152,15.013526688339999,14.28959077428
Gnuplot,113.03146726916,101.48545271872001,98.30405424724
Go,64.09395911608,58.10972327635999,50.762389481119996
Go Checksums,27.74792146304,27.580206227679998,26.06928353256
Go Module,13.53912194252,13.613050339339999,12.39423581428
Go Workspace,13.11042953652,13.23716845734,12.86658131728
Godot Resource,77.0191674906,70.3995121337,63.3767585504
Golo,396.19608187604,359.59790287568,333.07673435056
Gosu,70.6267502276,63.017696071699994,63.6106042614
Grace,28.12151456804,29.764797303679998,24.348146623559998
Gradle,26.202217878040003,28.214819290679998,26.50180217756
Gradle Kotlin DSL,16.67939258952,12.81834985534,12.73600679628
Grammatical Framework,584.67665310532,525.00345429194,533.27328948248
Graph Modeling Language,43.40676765956,41.21101184852,39.043060810840004
GraphQL,60.49485610008,54.50641513536,50.25664853312
Graphviz (DOT),26.99802615104,28.271077276679996,25.61040421656
Groovy,96.46326702712,76.21347008804,81.44618982768
Groovy Server Pages,56.70588512508,50.793285743359995,46.91492399412
HAProxy,55.74477127408,56.914203795359995,52.97192484112
HCL,81.80412640612,87.71826297803999,79.82723389168
HLSL,70.5640812826,65.3455029977,61.4980744534
HOCON,54.85506488508,55.31277009636,51.97685413912
HTML,114.53365745416,108.64224531572,99.64227435923999
HTML+ECR,14.76900757752,12.48746591934,12.05277880528
HTML+EEX,42.51459602056,39.72848402602,36.02400826784
HTML+ERB,41.35756038356,38.35456987352,36.890961794839995
HTML+Razor,29.30357729904,29.02180305968,28.92307188756
HXML,27.22194021404,29.26500907668,24.087953666559997
Hack,440.4536168766,412.8318737182,364.9677815544
Haml,31.90390538704,25.82842821068,24.59448433156
Handlebars,25.65131388404,22.37133273568,21.92097571156
Hare,42.75200108856,38.32037153302,37.31186094484
Haskell,72.1674835476,63.4059237007,62.2976739664
HiveQL,26.90521873104,27.433519782679998,23.23962835356
HolyC,72.1225244826,68.0874231997,61.7896652714
Hosts File,27.476381482039997,26.85496292468,25.233283720560003
Hy,46.25091516956,38.15908992752,34.74709240684
HyPhy,116.97148568116,108.59243820072,100.38609603324
IDL,77.4526485606,77.1127380607,64.2637959964
IGOR Pro,100.141808141,43.45315319402,37.22345008584
INI,249.89623768984,225.59458961428,223.36806294676
Idris,14.14211171352,13.39311493534,12.13359285128
Ignore List,297.01564601192,281.51298460114,260.56033552088
ImageJ Macro,28.74877687104,32.78689224168,28.77116868856
Imba,13.65513573052,12.97908759634,12.47874036728
Inform 7,29.689274302039998,26.635674873680003,26.100838741559997
Ink,75.30231250599999,67.0386261502,66.6236726514
Inno Setup,27.12486252004,26.470305836679998,24.50219500756
Ioke,15.71567658052,14.27906390734,11.21053964028
Isabelle,13.55592270952,13.50328569684,12.54527994028
Isabelle ROOT,12.66459780452,13.57257155634,12.35968773928
J,33.154514606039996,24.722995755680003,24.73498533456
JAR Manifest,15.76913081052,14.88021505184,12.81420493528
JCL,39.38996940656,36.21027830852,43.48985474584
JFlex,34.340336979039996,29.45193251668,27.732728726559998
JSON,529.79932898772,479.50262936474,442.29986312508
JSON with Comments,382.90516961504,361.16775633218,372.96825429256
JSON5,35.45017153504,27.83623083268,25.12020405856
JSONLD,13.63576414652,14.111026427339999,11.69628459928
JSONiq,28.36964138004,26.43441162068,23.832286807560003
Janet,43.623563772560004,44.60565487802,39.55195787884
Jasmin,115.45518323216,107.63152865172,106.64299340124
Java,155.10057413072,153.11153170874,135.38880148808
Java Properties,32.46269650604,24.15581579168,24.43071528656
Java Template Engine,15.10262007852,14.21533493834,12.12618239928
JavaScript,595.0684176818,541.1961843316,496.25633542319997
JavaScript+ERB,14.962132825,14.00549500034,11.323507233279999
Jest Snapshot,17.73906214352,14.752596297339998,12.46037047428
JetBrains MPS,43.70527545156,38.53766390702,38.66535256884
Jinja,32.52093951404,26.12801922868,23.75715409056
Jison,46.461215854,41.459672278019994,37.97430411384
Jison Lex,30.19090132004,28.701533344679998,24.30489525056
Jolie,69.8988730816,66.9522245937,67.4424337234
Jsonnet,13.61018406452,13.09178648684,14.31448026328
Julia,29.919520237040004,28.57876856768,24.964994178559998
Jupyter Notebook,15.11571843852,12.664652300339998,15.12355939928
Just,29.656657380040002,25.61705752468,25.96738423656
KRL,14.23978411652,11.56449650084,11.606330635279999
Kaitai Struct,31.80747329404,32.87293725468,25.69718532156
KakouneScript,41.91812387256,40.82413695002,38.90425749284
KerboScript,41.14461109756,39.26389292252,38.43997839984
KiCad Layout,233.46430045332,238.88431876643997,221.03620577548
KiCad Legacy Layout,16.31991912352,14.46748689134,12.94164045728
KiCad Schematic,104.08082344264,97.47254356338,93.82919790396
Kickstart,41.61594977756,47.231350088019994,38.97051215684
Kit,13.421446535,15.53655782834,12.21577892728
Kotlin,15.19083566452,13.141151274339999,13.08010466728
Kusto,57.24833200008,54.77304736636,54.62054845212
LFE,56.83793883408,57.73784412336,51.04044260312
LOLCODE,12.91939776752,12.40240498034,12.075311964279999
LSL,27.94068110604,27.38450604468,23.96645152556
LTspice Symbol,17.334983455,12.096996060339999,12.29993090028
LabVIEW,166.77322113472,152.70577209773998,143.02133534208
Lark,42.20941304456,37.82331078752,37.12238838084
Lasso,44.73431200056,46.60818558402,38.86709975984
Latte,30.883259754039997,26.31311475268,23.23228062356
Lean,31.85139581004,26.91050654768,23.84975299656
Lean 4,14.85784377652,13.47704003234,12.17972222028
Less,14.30433240752,13.676464853339999,12.74120556828
Lex,27.331284323040002,27.82216586068,28.52932716956
LigoLANG,13.71065352552,12.88059426934,14.81344388628
Limbo,43.31494829756,46.37466620302,37.86403290584
Linker Script,60.25609414708,50.11233554136,51.56626945912
Linux Kernel Module,42.11086264856,39.54594202702,39.68718722284
Liquid,28.35178006504,26.73494743868,26.671112052559998
Literate Agda,14.15622140352,14.54982947934,12.26311484228
Literate CoffeeScript,34.46478576204,25.344450881679997,24.788299673559997
LiveCode Script,59.41190368808,57.27840737336,47.60067114612
LiveScript,13.50055729752,16.06713921034,11.86191272128
Logos,70.8448468886,70.88944243969999,114.0216042534
Logtalk,15.65886315152,14.42910012334,13.83019117528
LookML,43.26580623256,40.35740832002,38.841770749839995
LoomScript,28.439296862040003,27.351189985679998,25.04249206456
Lua,96.84210549664,102.81746240588001,87.88751506996
Luau,84.39481088599999,68.21327265069999,63.6195618644
M,412.31899771108,408.58328912786,369.44827657512
M4,78.75166249899999,68.0047738067,64.9649756584
M4Sugar,43.60756483056,42.03898007352,36.479385961839995
MATLAB,616.335904209,538.57378179826,504.52715918092
MAXScript,74.6481965126,77.4607507687,59.337124299399996
MDX,14.52970646352,13.00449108934,15.84170741028
MLIR,66.94143035708,52.30109434536,50.35846405612
MQL4,50.09879163356,39.67999289102,36.05953799584
MQL5,42.60634133056,39.50879547852,42.34581715784
MTML,15.35279618152,14.739484429840001,12.98383464828
MUF,28.97048385404,30.35704619968,25.34036963656
Macaulay2,15.38650609252,13.75990186934,11.90094102228
Makefile,179.14882354124,154.44444133308,146.58121131536
Markdown,138.7125131792,132.13088399240002,127.7154522148
Marko,40.51648637756,38.21330025102,35.56864185184
Mask,14.89188154652,12.36557542934,14.48739525828
Mathematica,171.33681429024,148.61616008608001,158.51435426636
Maven POM,14.07109732552,13.753563394339999,12.83068366428
Max,44.81162035456,42.23536460202,42.582683005839996
Mercury,152.0397738902,130.6015559494,131.5101004898
Mermaid,158.60921310172,143.53275233974,137.78588250808
Meson,27.76241344604,26.42709956868,25.56217381156
Metal,13.29454871652,12.11401772484,12.08900690828
Microsoft Developer Studio Project,14.5232211,15.493400248339999,13.24891715128
Microsoft Visual Studio Solution,16.03349257652,14.518337621339999,12.91702613928
MiniYAML,129.06539787468,123.30161423106,110.66635956552
Mint,101.11658,73.65599294704,74.13047729368
Modelica,174.50548484124,171.41980925508,153.74483318536
Modula-2,13.80819245652,14.78085621334,12.47402990928
Modula-3,76.4605723646,64.4868827217,64.1433850014
Module Management System,76.4474257646,63.0176080712,65.4464567674
Mojo,28.14167569904,24.25746871268,24.41583260056
Monkey,73.8251847196,69.9608425147,68.36240660039999
Monkey C,12.95555896352,13.34483276584,12.952445364279999
Moocode,41.72861958156,36.84082895052,37.32358663184
MoonBit,71.2350108486,70.6286086537,70.1661790144
MoonScript,12.85736959552,17.952796086339998,12.630686536279999
Motoko,27.935922124039998,26.81481182868,24.835352613559998
Motorola 68K Assembly,88.12692526012,88.61861478803999,76.15463488268
Move,29.781631843040003,27.60994349968,23.98636758856
Muse,27.376446953040002,25.32761042768,24.30247329756
Mustache,55.88239497608,55.150215163359995,52.53145282312
NASL,139.2182580782,141.31286514139998,128.5564748818
NCL,244.653601842,227.08561670944,209.34318512648
NEON,33.48954270204,29.217007374679998,24.060066879559997
NL,31.45151427504,27.31734256368,29.698027012559997
NMODL,29.01091534604,29.40473873368,27.46121782856
NPM Config,14.06013649452,14.14266166234,12.37711787228
NSIS,32.68986626604,27.504277640679998,24.79293333556
NWScript,83.69998076712,82.17360220504,73.73838785768
Nasal,27.443538278040002,25.54438572368,24.05803761456
Nearley,13.46778266552,14.408391161339999,12.318388517279999
Nemerle,13.515580866,12.88759353284,11.27861142828
NetLinx,31.66473134504,28.35580107568,25.57851001256
NetLinx+ERB,30.270709539040002,26.08830751568,25.448342737559997
NetLogo,13.867117757519999,12.91154905434,11.66246470428
NewLisp,42.71549603756,38.76135922802,37.92608480684
Nextflow,59.30412566508,52.40817840736,50.82314702412
Nginx,44.36038852256,41.46055845702,41.31815160584
Nim,83.60464127812,78.56902085004,79.82912915368
Nit,349.21517661848,338.14069829415996,296.60623762171997
Nix,13.40393940352,14.111260207339999,12.97216957128
Noir,41.70340346756,38.34177224652,37.02802639084
Nu,27.49892680904,28.304069223679996,23.953844817559997
Nunjucks,14.34371163252,14.49770862034,12.94440359828
Nushell,26.67838880404,28.593225736679997,25.36627569656
OASv2-json,15.97751333652,12.562999678339999,13.82009202128
OASv2-yaml,27.18049205204,26.746770339679998,23.512607884559998
OASv3-json,14.19256329452,16.147802399339998,13.25350642128
OASv3-yaml,31.72779949204,28.110542765679998,24.573393805560002
OCaml,145.4226263842,142.0194570894,125.1291324288
Oberon,14.90234763152,14.816530866339999,12.28450428028
Object Data Instance Notation,14.15827014952,15.34506037734,12.52998518628
ObjectScript,14.84366082752,15.460613544840001,13.71927381928
Objective-C,315.35402501844,276.60749364948003,271.31059708516
Objective-C++,27.46874153604,27.20586770368,24.54218924456
Objective-J,41.14801562356,44.714086768019996,36.45439961284
Odin,12.70132462352,12.89656492234,14.16196835828
Omgrofl,13.63826352952,12.62899094884,12.30716772328
Opa,26.14534227704,27.14419327368,24.07478646556
Opal,15.87317145652,11.73086998984,12.47218330028
Open Policy Agent,56.49552925308,50.06420956136,48.30886587912
OpenCL,29.033974184039998,25.991767627679998,23.28202958756
OpenEdge ABL,89.16760706912,83.42023532604,80.50570735868
OpenQASM,13.43222975652,14.670927639339999,12.86673770028
OpenRC runscript,13.78887278152,13.03997750634,11.71768280028
OpenSCAD,30.78891651304,26.33070591268,23.34865326756
OpenStep Property List,30.432760422039998,28.196124966680003,25.97089249256
Option List,71.2776881646,74.4282258917,62.9456796864
Org,13.78342666252,14.32480579934,11.59997400428
Ox,42.23297669556,38.31484563052,37.07995748784
Oxygene,14.86136851352,11.90694203134,13.60494042328
Oz,13.94321639652,12.91376074634,11.78922106328
P4,26.76669467304,26.24181422168,27.34963096956
PDDL,42.68452341156,45.676634252019994,41.768943084840004
PEG.js,29.74514921804,25.850330973680002,27.01105346156
PHP,278.96461734088,273.95509328146,247.46883663832
PLSQL,114.43171901616,113.03674942472,107.03194140523999
PLpgSQL,102.36238278464,90.56623558188001,89.28111250495999
POV-Ray SDL,172.87368435624,172.81421219608,152.49448716736
Pact,33.82636619704,26.19189465468,24.52651263556
Pan,254.39657341536,233.82287257712002,217.55162353704
Papyrus,45.250748626560004,43.77342197902,37.08977075184
Parrot Assembly,14.65265745052,12.76997398784,13.44466965928
Parrot Internal Representation,13.520351645,14.655603809339999,13.48664748028
Pascal,187.10379393276,180.22047795141998,161.84703264064
Pawn,104.86072968264,99.92882883038,89.01702007496
Pep8,103.79972849164,93.04614511538,86.60274744596
Perl,374.12422341204,376.39435247918,347.22323213656
Pic,39.75497014656,38.28371795252,41.82218791584
Pickle,62.654113724080005,55.412387990359996,60.46735612512
PicoLisp,15.14922271452,12.78919689884,12.78212812428
PigLatin,14.44789785952,11.82968580684,12.57804364028
Pike,47.81848980956,38.01190965952,39.91813217984
Pip Requirements,25.71456125204,25.68233286968,27.22465019756
Pkl,42.45247646756,38.886462301019996,35.95119170884
PlantUML,103.83988305764,95.51647666538,90.12596854396
Pod,57.23362261108,53.297193878360005,53.67560752112
Pod 6,13.57753242052,15.41979100584,12.22136863828
PogoScript,13.83812044652,13.825367202339999,12.13179610328
Polar,28.556419380039998,26.12068630168,26.68915258256
Pony,102.23469609799999,79.38659239504,86.07964492868
Portugol,31.29852887704,27.45568788968,23.56376618256
PostCSS,29.531638408040003,27.525009046679997,26.33094490456
PostScript,46.71753417356,47.84870271402,40.84802379984
PowerBuilder,84.80078591512,80.54880723704,74.79791100868
PowerShell,63.67554225708,51.53807522436,50.04182556712
Praat,45.73785939156,38.41540047652,37.568933469840005
Prisma,68.0721949156,69.6995743007,62.4030715024
Processing,16.43256500852,12.783263204339999,13.26956891328
Procfile,14.23487371452,12.59076178484,11.68506316028
Proguard,43.57854450256,39.77574395502,38.65041942384
Prolog,142.1156016572,132.2165433584,126.2981444028
Promela,100.76129217364,95.74939656437999,91.16696501896
Propeller Spin,155.9183023612,137.4915480754,121.7512640228
Protocol Buffer,13.84311339752,13.99335228334,13.17473753328
Protocol Buffer Text Format,63.41058070708,57.30285553236,49.16343102112
Public Key,96.58195723364,99.32536198238,88.19486776196
Pug,29.07860139004,27.613373306679996,24.00228654656
Puppet,75.9321394206,69.78028713169999,60.9045665554
PureBasic,27.951060149040003,29.98079181568,27.613489266560002
PureScript,56.776935663079996,54.26325010036,49.34209044912
Pyret,18.74246132252,12.11518996084,12.01516218328
Python,309.95027031792,290.45783158314,255.69650594188
Q#,28.14625805604,26.66773286668,29.73367565356
QML,13.95693137852,13.63373130834,12.47349336928
QMake,56.957508342080004,55.15128885236,51.413053432119995
Qt Script,30.994405705040002,27.16551071368,25.342022961559998
Quake,28.16186061804,27.98404856968,23.23657596356
QuickBASIC,43.81593368556,41.87315748052,39.31909642984
R,113.68351390315999,110.68827794571999,98.92146850323999
RAML,12.65815094452,12.30368282434,11.19281391128
RBS,14.23284922852,14.34422735434,12.27013295928
RDoc,15.71824049852,12.32742334884,12.72544468728
REXX,57.57809421808,54.445580760359995,50.40226119612
RMarkdown,29.088592724039998,31.16083400368,25.42684229756
RON,13.18965337252,12.106173909339999,12.160915018279999
RPC,44.74438903756,46.08616055802,36.679066356839996
RPGLE,128.35232927767998,135.71964692906,116.80193383352
RPM Spec,42.75917235056,38.28523925952,42.02153421284
RUNOFF,58.90786347008,52.95322482036,49.40262811012
Racket,27.49607928104,30.846301742679998,25.22342718556
Ragel,49.35083575456,43.42143349002,39.326414086839996
Raku,344.49908442748,328.31070329816,320.91444118172
Rascal,68.89488105859999,68.8142615712,67.8754461214
ReScript,16.74898196552,12.47228124534,12.07643706328
Readline Config,14.96397552352,15.17100504634,14.77747275428
Reason,85.39859968412,80.62888798904,74.01571230168
ReasonLIGO,14.70463839452,13.88053222234,12.85554708728
Rebol,89.03379357612,78.02432327704,74.95026375468
Record Jar,15.379482973,13.76839721034,12.61054515228
Red,29.327080938039998,28.418289558679998,27.66642206756
Redirect Rules,13.11689738652,14.914436027339999,14.15671172828
Regular Expression,53.24973952608,54.31740702536,57.675877535119994
RenPy,15.461072654,12.19084298784,11.79565280328
RenderScript,31.10293908704,26.831387102679997,24.06278455956
Rez,45.14590563456,39.42306037502,37.19420507684
Rich Text Format,29.28779171304,29.41949399168,26.04783361456
Ring,56.17940900608,56.49053487336,56.74448301712
Riot,28.76103578404,28.49858937268,24.59936091956
RobotFramework,61.74580153308,49.58151271836,52.889254158119996
Roc,61.87185270908,53.94234348936,50.29075349512
Roff,285.613055981,244.17918415711998,223.12021479804
Roff Manpage,174.01986974324,159.39498422008,164.49985848736
RouterOS Script,56.75246697508,53.81210868436,54.29988374712
Ruby,556.11674357528,516.24548552676,469.80371775392
Rust,58.75922083108,48.37630097736,51.34681358812
SAS,44.213331790560005,42.46902111152,39.20312470984
SCSS,13.46769636352,12.64524400034,12.30591375928
SELinux Policy,59.81842251508,51.16232267736,49.46670695412
SMT,55.03984654208,52.47353097135999,51.055297251119995
SPARQL,29.34113796004,28.00506480268,24.34816352856
SQF,28.59959506904,29.988460232679998,23.71649711456
SQL,199.38574155828002,181.27222807876,175.18262200492
SQLPL,92.00419459512,77.87112959203999,76.55814687368
SRecode Template,14.31274534452,11.67180160484,12.36175865528
SSH Config,89.13393353312,78.52295871204,76.05626591868
STAR,99.19838718956,41.43256590552,40.08360938484
STON,102.51737050364,100.20568994338,87.07828881896
SWIG,48.872352258999996,39.804630818519996,39.426062353839995
Sage,15.49379192452,12.000025337339999,13.75593141028
SaltStack,85.05916189612,84.38111515904,73.46408907568
Sass,13.70112683052,13.99664126734,12.08848589228
Scala,97.22349449064001,99.44035930138,92.56320072396
Scaml,14.15186710052,15.01188480234,13.11833098328
Scenic,58.61124928008,60.18772195235999,49.81692436512
Scheme,54.25586492708,52.37303085936,48.74258923412
Scilab,48.43189171156,36.574289073520006,36.69723222584
ShaderLab,42.11189849956,43.73947448702,39.20167313084
Shell,807.6303421526,710.6730611252,723.4789839044
ShellCheck Config,14.40687365452,12.69145947334,11.80176188428
ShellSession,46.909759013,37.94375841502,36.79428435684
Shen,42.02868113356,40.05266199202,39.69482208084
Sieve,161.03779169172,146.07642950674,137.32290516608
Simple File Verification,31.629982194039997,29.509660085679997,24.89763145056
Singularity,13.382615961519999,14.21722994434,11.62073623328
Slash,14.54295962952,13.529190567339999,12.19740113328
Slice,41.03498164456,40.58281478502,40.90133382784
Slim,13.55878626552,14.16367843534,11.52496836728
Slint,43.38943314656,43.75394449202,36.85080503084
SmPL,18.23111452352,13.26239873234,12.23660625228
Smali,104.25673165564,95.72657068438,93.27339633296
Smalltalk,149.9288930222,133.1898057124,125.0381940318
Smithy,13.42285027352,13.47075654134,11.87821483128
Snakemake,57.00375910308,56.160837097359995,55.24658866112
Soong,14.38593106952,14.95896904334,12.41712122228
SourcePawn,41.52694810656,37.62145241052,37.465623703839995
Squirrel,13.09264479152,13.55459567234,13.36745554728
Stan,43.24166568356,42.75454106101999,35.98604280984
Standard ML,78.91099759,64.46890523120001,66.6250395754
Starlark,168.41868670172,140.20327625674,134.32195394508
Stata,103.96298845764001,92.93346050737999,83.35212525396
StringTemplate,13.51556402752,13.15647026734,12.40491226128
Stylus,14.169410169,13.37691919284,12.53435214028
SubRip Text,15.30656999252,14.46558151984,12.83232805428
SugarSS,13.52671579252,12.54566279334,12.88515973128
SuperCollider,69.7686922146,67.4111462027,63.1741360864
Svelte,15.66222541752,14.940519072339999,12.88085722528
Sway,71.6304366736,76.4561530317,62.6895536364
Sweave,27.90072334304,26.18917210368,27.24873971556
Swift,621.43292239136,558.3764846221201,543.28487820304
SystemVerilog,61.51700434999999,54.40162181836,49.78059657812
TI Program,107.11712111764001,97.29055975838,87.02554143196
TL-Verilog,29.72606293904,26.55043383068,26.68529722656
TLA,27.61022311004,28.21181050268,23.280468928559998
TOML,101.69103296064,90.12954417388,88.65021154996
TSPLIB data,32.10388440304,28.11784541368,25.880819020559997
TSQL,62.196208537,53.079527858359995,51.39965222112
TSV,45.07475413956,40.964168035019995,38.38009096284
TSX,56.22853190008,50.95922680236,49.29234186812
TXL,13.88510715052,12.44211081684,12.87272537028
Tact,27.770498353039997,25.312240079680002,28.14998218956
Talon,30.68711294604,26.247522019679998,25.31502337456
Tcl,98.97966344464,98.53697327537999,92.49308724896
Tcsh,17.58974692352,14.04745986034,13.54215487828
TeX,100.16478977663999,89.07266743988001,93.23769539996
Tea,15.20120908252,13.07623563234,12.01563137328
Terra,41.16875331056,42.486332353019996,37.66775352184
Terraform Template,28.17964580604,27.941445461679997,24.76966796056
Texinfo,18.23047688252,13.597092524339999,12.55134310228
Text,378.24870396852,333.59730664184,333.63472067428
TextGrid,43.68851135656,41.50712353502,40.23790539084
TextMate Properties,13.40229540252,13.724270432339999,15.78642581528
Thrift,13.61059261252,14.014068804339999,12.43279794428
Toit,45.25708156856,42.47592332402,42.39598625184
Turing,55.29801991708,51.042473614360006,55.62304574112
Turtle,28.50160445404,27.48444748368,24.53018410156
Type Language,28.48331259704,26.895864441679997,26.280880274559998
TypeScript,87.58451296112,78.06130820403999,77.16599343368
TypeSpec,27.06191680604,25.457268336680002,27.86553231856
Typst,27.50763239404,25.05086424668,25.44286566856
Unity3D Asset,89.04460289312,85.33779591804,72.86123295368
Unix Assembly,55.94283781608,55.08428137535999,52.87414964912
Uno,42.75292848156,39.36808392952,39.79353413584
UnrealScript,26.733007307039998,33.16587764368,24.97997780156
UrWeb,28.15667717804,27.33091336868,27.03081842056
V,139.18301663,121.84331424906,117.34787876052
VBA,140.2123539252,138.3263398694,124.3910702898
VBScript,15.55996741052,17.050271913339998,12.26967671828
VCL,28.816650152039998,29.292366602679998,26.67896368556
VHDL,13.28568360152,13.96577226634,11.65376762928
Valve Data Format,15.49074414552,13.383639493339999,14.56111369728
Velocity Template Language,41.39627977256,42.15335885102,39.06344776084
Verilog,198.78502318328,179.16439462776,183.88841862792
Vim Help File,13.00232597152,14.35344915334,11.78705201128
Vim Script,133.09567597468,121.42592432005999,110.74006450552
Vim Snippet,32.34566670104,25.67826579268,24.06440129356
Visual Basic .NET,41.75844287756,40.359211766019996,37.94840991884
Visual Basic 6.0,161.51298805772,145.92717397674,135.45832311008
Volt,13.22366070352,13.60614061534,12.21538766428
Vue,29.277662063039998,25.101281164679996,25.16132557056
Vyper,74.6362917926,73.4372857867,64.3125158974
WDL,56.17466743808,52.55455928636,53.93489039612
WGSL,13.81643771852,12.64265013984,13.59097748328
Wavefront Material,60.45629194908,53.56549159536,50.52725986212
Wavefront Object,79.4009824696,68.3629191842,66.7349577354
Web Ontology Language,15.36340396052,12.50220159384,13.275244666279999
WebAssembly,87.24777404012,73.85727166204,75.06036061568
WebAssembly Interface Type,14.05781574852,13.46346620334,12.65671439928
WebIDL,30.25359313504,24.26856690868,24.45316814856
WebVTT,45.66567803356,41.17013265102,41.43492254884
Wget Config,15.71918820452,13.405320610339999,13.67380109928
Whiley,40.764220526559996,37.68958986352,44.75953754084
Wikitext,27.048367082040002,30.626938349679996,24.04083087056
Win32 Message File,12.80331866252,13.088316600339999,12.90068009428
Windows Registry Entries,14.35207833352,12.77438267834,13.10620246628
Witcher Script,28.12999164004,25.99580440268,25.34972503956
Wollok,34.053400795040005,31.621126730679997,24.39893096456
World of Warcraft Addon Data,41.52047807756,38.87865247052,37.26326608684
Wren,14.00286859352,12.89503059934,11.92162774128
X BitMap,15.79011311352,13.144863690840001,12.451568847279999
X Font Directory Index,60.165413114079996,55.72469908536,50.40782817912
X PixMap,28.293348457039997,27.62448817768,23.772606328560002
X10,263.56298444035997,236.39900823212,223.52004659504
XC,18.01580513252,11.986714127840001,12.55205546528
XCompose,14.13514280652,13.23059182734,12.19511203728
XML,1042.09841883096,1057.22423399982,897.56796423944
XML Property List,141.5725817832,125.6949838414,121.1305244268
XPages,29.322638618040003,28.633437956679998,25.87347905856
XProc,14.72462658452,11.49886361984,12.46023085928
XQuery,14.74526633152,13.64754981334,13.08462595028
XS,14.40781162252,13.70429314434,13.90309040228
XSLT,15.72332487152,12.64844812384,13.09141223528
Xojo,81.11648876012,76.00291487404,72.09946609368001
Xonsh,13.37645031852,14.93096972484,12.58746156028
Xtend,27.98652151404,24.34669250068,27.05543435056
YAML,234.11374574932,209.00501943243998,206.45454165548
YANG,13.83514179352,14.16371158434,12.877531489279999
YARA,42.58730975656,44.11008108702,35.67089162384
YASnippet,29.24019943,25.575097952679997,25.71562890956
Yacc,14.84459159452,13.21488797684,12.13925239728
Yul,27.477667447039998,26.185107543679997,24.30361193056
ZAP,13.21659893152,14.419258131840001,12.50751705728
ZIL,14.03956159552,13.285560716840001,12.68972828928
Zeek,45.29894299156,38.97180497052,41.68659846584
ZenScript,18.67191084552,12.79717908934,14.164571175279999
Zephir,26.12362743204,25.788404922679998,30.182303524559998
Zig,56.79125296908,59.53592100436,52.82581779612
Zimpl,14.18600451452,13.32061885084,12.499999946279999
cURL Config,13.68102934252,11.78148092184,11.77532552528
crontab,14.75684688952,14.579978475339999,11.66203552228
desktop,27.08939230104,24.04357165668,25.74438960456
dircolors,13.66289994952,13.36298266784,12.93714449228
eC,13.79077803852,14.05658292184,11.86432030228
edn,13.56932947952,13.50799987834,12.19563812328
fish,49.231402403560004,37.65993275552,36.02390952284
hoon,28.80727780804,28.23834499368,26.50103353856
iCalendar,29.76594477204,27.57718314068,24.75108724356
jq,30.304202738039997,28.29147067168,25.13705004156
kvlang,13.92284458652,15.69102695934,12.73730961528
mIRC Script,56.17490251908,52.76523649936,49.12544016212
mcfunction,13.59812510052,14.44653251234,12.52363659428
nanorc,47.23420142756,38.82252617602,36.58820665484
omnetpp-msg,49.129413099999994,40.187187639019996,39.478993775839996
omnetpp-ned,41.21014568756,38.40546128402,37.408524721839996
q,35.56251569804,27.798474174680003,28.712991247559998
reStructuredText,14.82585148952,13.612389069339999,12.04650114028
robots.txt,12.84447172952,14.37754386784,17.76654672728
sed,13.85177874352,17.94257693434,13.02993462928
templ,14.18205239252,12.72796299684,12.109381129279999
vCard,30.50435288204,24.34505395968,24.34270014656
wisp,14.01660712552,15.39117558534,11.35695025528
xBase,44.43170839656,45.49347001802,39.19406431184
