filename,cloc,go-enry,guesslang,hyperpolyglot,linguist,magika,pygments-file-content,pygments-filename
1C Enterprise,1.28759292612,0.16533163056,15.29687604972,0.09443369096,2.62274968604,0.46761926060000003,1.3684141542800001,0.78212732088
2-Dimensional Array,0.42805661804,0.05133832252,5.14777142924,0.030563172320000002,0.9068864516800001,0.15836211420000001,0.45000650876000003,0.26249892896000004
4D,0.8509658760800001,0.11134851004,10.43209876448,0.06086155664000001,1.8216240833600001,0.3021996744,0.9659734535200001,0.52506561192
ABAP,0.21675761452,0.02876394976,2.53880214412,0.015509264660000003,0.43256319584,0.07573435710000001,0.24477176938000003,0.13307613448
ABAP CDS,0.42734601504,0.05881093852,5.01019252424,0.030393185320000005,0.90790886268,0.17293521420000002,0.45883802876,0.26569797496
ABNF,0.21491722152,0.02991986876,2.41171700612,0.015453166660000002,0.47381550984000004,0.0752511151,0.25369305038,0.13587910048
AGS Script,0.8590935670800001,0.10652184904,9.72014411448,0.06292898764,1.8800299853600002,0.34612560140000004,0.9132679055200001,0.52504451792
AIDL,0.42797700904,0.05507684252,4.98448848824,0.03091114332,0.9013722576800001,0.1657173002,0.47228358776,0.26116060795999996
AL,0.63944736356,0.08033672728,8.04937455536,0.04480508398000001,1.40427057352,0.24766061830000002,0.7088021951400001,0.39397772544
AMPL,0.42639201904,0.054776981520000004,5.1610346932399995,0.029463694320000004,1.12554011268,0.1611799792,0.52011047176,0.25585028596
API Blueprint,0.66418239856,0.08404724628,7.54756875136,0.04674427198,1.2980276485200002,0.22689091430000002,0.6787310691400001,0.40064355644
APL,0.64692196356,0.07802138727999999,7.20586575342,0.04659455298,1.3728122075200002,0.22966037730000002,0.6797398441400001,0.38098744844
ASL,0.42596385304,0.05426520652,4.98574588724,0.03249015032,0.8593283096800001,0.1669299172,0.5011843437600001,0.26275672796
ASN.1,0.21292254152,0.02650715676,2.57653303612,0.01513109066,0.43483964384,0.0768605291,0.24107541738000002,0.13001899048
ASP.NET,0.8573591610800001,0.11210920604,9.99347787448,0.06473145464,1.73174978736,0.3100986354,1.0083092365200002,0.5599468589200001
ATS,1.92213654468,0.25387925884,22.693869839079998,0.14611752794,4.07297742256,0.7143641259,2.23545886442,1.20134784532
ActionScript,0.87410047508,0.11944226504,9.885425231560001,0.06370400064,1.8772300433600002,0.3385538264,0.9439481365200001,0.5111792939199999
Adblock Filter List,1.0738469886000002,0.1310248668,12.336084287599999,0.0767226133,2.4501263732000003,0.4295011315,1.1000602269000002,0.6569101234
Adobe Font Metrics,0.64405132256,0.08120131828,7.515189534420001,0.04786972098,1.3731930645200001,0.2595666513,0.6471354371400001,0.38280258844
Agda,0.21513484752,0.02634522676,2.4322868881199997,0.015401602660000001,0.45787008184000005,0.0764439821,0.23079598138000001,0.13057017148
Alloy,0.63763804556,0.08274418428,7.527813559359999,0.046117566980000003,1.37397984552,0.23041417330000002,0.75250734614,0.39966478544
Alpine Abuild,0.21934831652,0.02944079576,2.4916721481199997,0.01660161566,0.44061980984000004,0.0974930571,0.22082130238000003,0.13039538747999999
Altium Designer,0.8599208380800001,0.12839447304,9.90001133356,0.062375856640000005,1.8463665453600002,0.3542307454,0.8604136335200001,0.51249201192
AngelScript,0.43028877404000004,0.059233077519999996,5.29753663224,0.02980097232,1.33820717068,0.15178490020000002,0.51087030976,0.26699576496
Ant Build System,0.21795902052000002,0.02781948076,2.4684792711199997,0.01601553466,0.45035575584000004,0.0791946541,0.22668481238000002,0.13806231248
Antlers,1.0713312086,0.1367307908,12.622061690599999,0.08110120330000001,2.2751907512000002,0.4246007155,1.1707736779000002,0.6878219594
ApacheConf,0.85038220008,0.11052955504,10.38515064348,0.06528069764,2.05719402036,0.36108544740000004,1.02310118052,0.55073431992
Apex,1.93758434968,0.27177765684,22.92642347108,0.14305013494,6.0457985155600005,0.7605255559,2.41278111142,1.18090356632
Apollo Guidance Computer,0.21619953852,0.026800084760000002,2.3998330211199996,0.014959960660000002,0.44444933784,0.07956810710000001,0.22608663138,0.13278474848
AppleScript,1.51199763764,0.18509623732,17.97629907484,0.10700557262,3.21633678288,0.5900301247,1.6018729876600002,0.94354443236
AsciiDoc,0.6427748145600001,0.08553902328,7.398501340420001,0.046953348980000004,1.38460833152,0.2675083623,0.7562906641400001,0.37917309643999997
AspectJ,0.42817192904,0.05130292352,5.17770253524,0.030893948319999996,0.89670306168,0.16549215020000002,0.47253539176000003,0.27261983996
Assembly,2.3766240027200003,0.34102911736,28.13613891032,0.16728250926000002,6.24759910924,0.8580008571000001,2.7443743631800004,1.48062347128
Astro,0.21285145452,0.027803421760000002,2.55993420612,0.01586045066,0.45644136684000003,0.0969244021,0.23789802638000002,0.13650885348
Asymptote,0.44914750104,0.05263260352,5.29244710524,0.03089081932,0.95522898268,0.1759374702,0.46622387776000007,0.26421268596
AutoHotkey,0.21622803852,0.02753051076,2.41958109012,0.015383733660000001,0.44853407384000005,0.0910443041,0.22428338738000003,0.13288597948
Avro IDL,0.21341977452000002,0.02815995176,2.76145818912,0.01503669666,0.45588276784000004,0.0763705461,0.22762944738000002,0.13048267448
Awk,0.21327830652000002,0.02940016176,2.56872164112,0.01487709566,0.45969075584,0.0931758251,0.24651993738000003,0.13428843848
B4X,0.64576509756,0.08085179428,7.63019610736,0.047804428979999994,1.41105888752,0.2711823493,0.74161145514,0.42829439744
BASIC,0.85092592708,0.11306821104,10.13563357048,0.06343835064,1.7891765323600002,0.3596732194,1.00224006752,0.54581483992
BQN,0.42558721404,0.05614358452,5.11499158924,0.03189561232,0.91942647068,0.1520465962,0.5435491827600001,0.25906348396
Ballerina,1.0693341496,0.1298139218,12.6629148036,0.0777165603,2.2066806772,0.3874872505,1.1899717269,0.6504509064
Beef,0.6567141375600001,0.11219753528000001,7.69232425136,0.04879113298,1.4500028015200002,0.2484627453,0.8462835931400001,0.39589110344
Befunge,1.0680799586,0.1318962938,12.283877596700002,0.0732834933,3.4060815712,0.39669906650000003,1.3460142839000002,0.6359395064
Berry,0.42840373704,0.05346751652,5.11978761524,0.03222276232,0.9361106206800001,0.15489341820000002,0.46998834976000003,0.27089785696
BibTeX,0.42504980304,0.05544980252,5.24449234124,0.03396150532,0.88659041368,0.1719065722,0.60771082076,0.26118898696
Bicep,0.63460918256,0.08161414328,7.78940057436,0.04696853698,1.36398993852,0.22867990929999998,0.7301206911400001,0.38951738444
Bikeshed,0.42855299004,0.10148684552000001,5.167308695239999,0.032221349319999995,0.9931451186800001,0.1710103682,1.18867292376,0.26478459896
BitBake,1.28698571912,0.16363861556,15.777459048719999,0.09465489996,3.22157973404,0.4617969196,1.4624343952800003,0.80212043688
Blade,0.42768995704,0.050825264519999996,5.12140718224,0.033710535320000005,0.8973961956800001,0.1507634142,0.4115182137600001,0.26098078396
BlitzBasic,0.63702206456,0.08498048327999999,7.582721703359999,0.04653136798,1.41813983252,0.22650996830000003,0.7223961451400001,0.40013451144
BlitzMax,0.21253633452,0.02616656276,2.4557195671199996,0.01474201366,0.45702435084000004,0.08155297310000001,0.23056361638000003,0.13158837548
Bluespec,0.44267812004,0.05004598652,4.94910446128,0.03145910332,0.87363686768,0.16329030020000002,0.4811702507600001,0.25411769196
Bluespec BH,0.86033940608,0.12348232004000001,10.215957531479999,0.062158931640000005,1.8866200293600002,0.3523343344,0.89873659652,0.51866416392
Boogie,0.64081787656,0.07722972028,7.44953022136,0.046371427980000005,1.3406823465200002,0.24711272230000003,0.7696382031400001,0.39555187944
Brainfuck,1.0731829656,0.1469805198,12.927238747599999,0.0794644963,2.5895508792,0.43953862250000003,0.9499185489000002,0.6594542654
BrighterScript,0.63895748856,0.08817294028,7.73358762436,0.046814321980000004,1.3784032585200001,0.25475504730000004,0.7337472841400001,0.39529084844
Brightscript,0.21476887252000001,0.02622223576,2.4959496781199997,0.01661024866,0.43773607784,0.0763476411,0.27400901038000003,0.13291824448
Browserslist,0.42580243504000004,0.05296037452,4.9058163512399995,0.030173652320000004,0.8635444136800001,0.1547310272,0.5128507007600001,0.26544514996
C,12.52733437516,1.66278111208,147.59311498596,0.92499466228,27.36970768672,4.5851862328,15.325297712040001,7.68983874184
C#,1.93539960268,0.25365317784,23.20639077608,0.14135844494,4.42217658856,0.7020388999,2.18024614542,1.25589468232
C++,11.815412205600001,1.6547223698,139.3348644516,0.8764598533,25.414927904200002,4.5249769835,14.997270571900001,7.3744037054
CAP CDS,1.0687289766,0.1255846868,13.083793149599998,0.0791152523,2.3476779412,0.4070087505,1.1330552689000002,0.6573581044
CIL,0.43070329404,0.052701596520000005,5.055891668239999,0.029627835320000004,0.89515076668,0.1770250932,0.5108633317600001,0.26257652095999995
CLIPS,0.42357876004000006,0.056433408520000006,5.00911092324,0.03019962432,0.9171454186800001,0.1771239212,0.48742475376000005,0.27195682495999995
CMake,1.49652659264,0.19633783432000002,17.81637927784,0.11056103162,3.1936749548800005,0.5416952097000001,1.6459216136600001,0.94076224036
COBOL,0.85101589808,0.11255262204,10.616701037479999,0.06305884164,1.82612649036,0.3122376794,0.9175544605200001,0.52822503192
CODEOWNERS,0.22060315652,0.02770018776,2.59338436012,0.015040751660000002,0.45200724384,0.08069086210000001,0.25374286038000005,0.13182319948
CSON,0.85878551608,0.11113221604000001,10.234629091479999,0.06312322564,1.8189442823600002,0.3068256864,0.9334209025200001,0.52987594692
CSS,0.44225830404,0.05802393652,5.03505205724,0.03217183732,0.9048108696800001,0.1536421052,0.43650538276000006,0.26472607196
CSV,0.21445191052,0.02610273376,2.54040826412,0.01506862466,0.44412687484,0.0793486271,0.22509728138,0.13205936048
CUE,0.42395303104000004,0.06394431452,5.33474548324,0.03201059632,1.3733057876800001,0.1586582692,0.5257457537600001,0.26528502996000003
CWeb,0.42636630604000003,0.05394443152,4.948761875280001,0.02995753332,0.9695977336800001,0.16355258820000002,0.60501573176,0.25359220096
Cabal Config,0.8958586460800001,0.10340018504000001,10.21239821648,0.06355091364,1.8172243523600002,0.3095662384,0.9087649245200001,0.52550698392
Caddyfile,0.42725822804,0.04977493652000001,5.09965996524,0.03095361832,0.89447492868,0.1697092302,0.48638777676000006,0.26311205096
Cadence,1.2778126651200001,0.16461104656,15.293240015719999,0.09616768296,2.59912175904,0.5087689786,1.4278089732800001,0.77726169088
Cairo,1.0778986246,0.1364255338,12.722430973599998,0.0779616943,2.3716065322000004,0.3879338445,1.3715785239000002,0.6494714384
Cairo Zero,1.0744275066,0.1309695808,13.0743804516,0.0759433313,2.3073585522,0.40258928850000003,1.1326745899000001,0.6547717744
CameLIGO,0.21276081252,0.02908731176,2.61207418812,0.01660964866,0.46174338884000005,0.0865421931,0.26425880038000005,0.13008440548
Carbon,0.43059127104000006,0.051983486520000004,4.886668952239999,0.03086666432,0.9174921876800001,0.1544704202,0.45037154976000005,0.25893094396
CartoCSS,0.21361507852,0.02791496676,2.43044980512,0.01699257966,0.46664782884000006,0.08681123610000001,0.19255690538000003,0.13212546748
Ceylon,0.21292382452,0.02913262276,2.56891744812,0.014817754660000002,0.45762220084000005,0.07731248410000001,0.29139188438,0.13323203448
Chapel,1.0741036796,0.1381434758,12.759931824599999,0.0795909683,2.1696137322,0.4164650065,1.3069378369,0.6531027184
Charity,0.21359753952000002,0.02797665776,2.45101779714,0.01560546366,0.6699461868400001,0.07573008710000001,0.33629458438000004,0.12755453648
Checksums,3.85973498936,0.49427037668,46.41204783216,0.28511781488,8.20388779512,1.4473431228,4.11048386884,2.36393455364
Circom,0.64514267156,0.07665356428,7.496133127359999,0.04814194898,1.29557794052,0.25839356830000004,0.7173011951400001,0.39193049644
Cirru,2.98525194728,0.38732107164,34.31900603596,0.22301397424,6.37698925976,1.1786551994,3.1500121313200005,1.91386621272
Clarion,0.8702169820800001,0.11003721404,10.31349602748,0.06303980264,1.73542738036,0.3080974434,1.02499593052,0.52112915392
Clarity,0.65514396356,0.07699463528,7.43664758542,0.04657503598,1.35577744652,0.23315800930000002,0.8384882541400001,0.38131391644
Classic ASP,0.42814759604,0.048981083519999996,5.19100722924,0.03275205332,0.90826449968,0.1651485722,0.45851553976000003,0.25880215396
Clean,1.9269310026800002,0.24620441984,22.558035013079998,0.14554634194000002,4.07569818556,0.7878235099,2.1369653194200002,1.19801358032
Click,0.42874203304,0.05517917852,5.0707955042399995,0.032004077320000004,0.9085960216800001,0.1702293882,0.48584324876000007,0.26223919796
Clojure,2.1565988812,0.2857353906,24.525250093199997,0.15566920960000002,4.3407684574,0.7742319780000001,2.4099857708000005,1.3198080138
Closure Templates,0.21367231452000002,0.02826366776,2.5511817201199998,0.016497901659999998,0.52835519484,0.0762393251,0.23761989838000003,0.12948499548
Cloud Firestore Security Rules,0.21539630852,0.026378377760000002,2.4618151211400003,0.014700080660000002,0.43711593084000006,0.0794139261,0.21392041338000004,0.12783940648
CoNLL-U,0.63942539356,0.07882662928,7.426032319359999,0.04691712298,1.3864985275200001,0.2506261873,0.79519071614,0.38991675843999996
CodeQL,1.28493260412,0.16877932456,15.315212589719998,0.09702841796,2.7264532690400003,0.46659640960000004,1.43842894528,0.78550320588
CoffeeScript,2.2137487782000003,0.2595046506,24.898989099199998,0.1579484256,4.7932502314,0.797408836,2.4459058218000003,1.3039425268
ColdFusion,0.21517947752,0.02436409176,2.7333975381199997,0.015529408660000002,0.44134377584,0.0798469581,0.22707415238000003,0.15396852448
ColdFusion CFC,0.43328499804000004,0.05108323052,5.32620801524,0.03183563232,0.9151516476800001,0.1527315112,0.45481740076000005,0.29810658696000003
Common Lisp,1.9317709876800002,0.24757259084,22.979758893079996,0.14192396494,4.2112486455600004,0.8005509889,2.0604150114200004,1.20804655932
Common Workflow Language,0.21380556552000002,0.02792316576,2.49611420312,0.01510543166,0.44541952784000005,0.0838367131,0.21818104938000002,0.13262063148
Component Pascal,0.42629692504000005,0.05627714652,5.064638975239999,0.03295302332,1.14579452068,0.1694638262,0.43958905576000007,0.26095086296000003
Cool,0.43219479804,0.05821170852,5.01482055524,0.03231258532,0.9401252606800001,0.1553638262,0.47840857576000007,0.27230129696
Coq,2.90043096176,0.33197818988,33.139901016559996,0.20341788958,5.93110473692,1.1412041963000001,2.9492780349400003,1.74420840924
Creole,0.21377563152,0.02795475876,2.67797983012,0.015431409660000001,0.43279563584,0.0854059471,0.23277718438000003,0.13091706648
Crystal,0.64523274756,0.07775618728,7.637985188359999,0.04681584298,1.3544184005200002,0.2356462633,0.7585565541400001,0.39428600144000003
Csound,0.64208294556,0.07824013928,8.02016155736,0.048878515979999995,1.3310055785200001,0.24529263030000004,0.71299843514,0.44194857444
Csound Document,0.64439947756,0.08514669628,7.34142326442,0.04718568598,1.4006838855200001,0.22803288530000002,0.6443100961400001,0.41838365144
Csound Score,0.6341677695600001,0.08155431628000001,7.659643786359999,0.04800948198,1.3511808465200001,0.2298309523,0.6844771781400001,0.43361236744
Cuda,0.42484973404000004,0.05611391352,5.10606389024,0.032275077320000005,0.8625351616800001,0.1571636212,0.5328825127600001,0.26701961296
Cue Sheet,0.42707828304000006,0.05477077552,4.940357612280001,0.031373290320000004,1.28977348568,0.1793870172,0.43321856076000004,0.25393936695999997
Curry,0.42561548604,0.055598459520000004,4.9529276072399995,0.030710813320000002,0.9256490256800001,0.1557380182,0.5595685667600001,0.26175050796
Cycript,0.21480407552,0.02800871776,2.4506845251400002,0.01641895966,0.45801747084000005,0.0731406591,0.26695594738,0.12661404948
Cylc,0.64475117256,0.08416548328000001,7.70376451836,0.04675289498000001,1.4017171305200002,0.26386633330000003,0.7744872691400001,0.39269815044
Cypher,0.85156046108,0.11433731504,9.76848055748,0.06458452964,1.8306573953600003,0.3004137794,1.01059822452,0.52519014192
D,1.97388063868,0.24825174584,22.59457080908,0.14225643294,4.23945659956,0.8194790209,2.11384016142,1.19684632432
D2,0.42483284804,0.05412335152,5.16635325424,0.032365913319999995,0.9122192356800001,0.1500412942,0.48826877176000005,0.26070073496
DIGITAL Command Language,0.85255326008,0.10333940004,9.81907422748,0.05885238764,1.8426638613600002,0.3476219044,0.91837915552,0.52215123292
DM,0.21386634352,0.02707936176,2.40751985612,0.014732740660000002,0.45034922984000003,0.0779957751,0.25478795238,0.12968054148
DNS Zone,0.42736910904000003,0.05485105852,5.126474547239999,0.03126537732,0.8638052876800001,0.15238730820000002,0.45013924076,0.26515328695999996
DTrace,0.65830088756,0.08261680928000001,7.857254225359999,0.04862297998,1.46558386352,0.2405007493,0.86070580914,0.39302769144
Dafny,0.42582860204000006,0.054417242520000006,4.94947936024,0.03133277632,0.9127165796800001,0.1549522872,0.49451446676,0.26106959096
Dart,0.21183597352,0.02711839876,2.45744024114,0.016542650659999998,0.45642587984000005,0.0774539321,0.22522090938000003,0.12853322848
DataWeave,1.0679600286,0.1391225458,12.5386962146,0.0783351473,2.2832243092,0.38493686950000006,1.2301608599,0.6515455234
Debian Package Control File,0.42520397104,0.05780918652,4.85943985624,0.03174146532,1.35801775168,0.1520242292,0.45900111276000005,0.26327818595999997
DenizenScript,0.43229064204,0.05764003552000001,5.0946135972399995,0.030888413320000002,1.37210904668,0.17430117220000002,0.58469208076,0.26353954096
Dhall,0.42828112404,0.05157402052,5.26012680624,0.03031397632,0.88730304368,0.1702641702,0.49641435276,0.26129402496
Diff,0.21233327052,0.02776394876,2.5607907101199996,0.01586898466,0.46783507684000003,0.08284049410000001,0.16260423938000002,0.13177591848
DirectX 3D File,0.21581228352,0.02760193276,2.62807118412,0.01581992666,0.47586345084000004,0.0778478781,0.22591938938000003,0.13023493148
Dockerfile,0.42588285604,0.05503610552,5.123932272239999,0.028962746320000003,0.9211965186800001,0.1710701782,0.46806176876000005,0.26677587195999997
Dogescript,0.21605696652,0.02882549576,2.44460579914,0.01565892466,0.45548421584000004,0.0983365831,0.22207594538000003,0.12624751948
Dotenv,3.08730079228,0.36361600764,35.12321843468,0.21585829424,6.3852616307600005,1.1484608914,3.2433047103200003,1.8242958707199999
Dune,0.21371991752,0.03117997076,2.55139391812,0.01528328766,0.45107245184000005,0.0795509741,0.26434571038000004,0.13233259548
E,1.49147149164,0.19480306232,17.65351733284,0.10893961462000001,3.2798815408800004,0.6009544317,1.7568160696600001,0.92167663836
E-mail,0.21258524352000002,0.02710964076,2.40093984412,0.01538332566,0.45031266684000004,0.0771550941,0.23806614738000004,0.13529956448
EBNF,0.84693461408,0.10853351604,10.196715918479999,0.060843742640000004,1.8161274563600003,0.3128719004,1.13712726352,0.58903690192
ECL,0.21249315452,0.027400981760000002,2.44286048314,0.01584854966,0.46544644984000005,0.0985555451,0.22171934538000002,0.12988925848
ECLiPSe,0.21389194052000002,0.02748152076,2.46599592812,0.014379760660000001,0.47434019984000003,0.0775818031,0.24041407338000004,0.13432876548
EJS,1.0680138026000001,0.13591479680000002,12.079199193700001,0.0799861913,2.1720241202,0.3900228805,1.1820724349,0.6375327824
EQ,0.6471284045600001,0.07633334527999999,7.703273524359999,0.04850442198,1.3863457595200002,0.24952558930000002,0.71687975414,0.39464338444
Eagle,0.43789403304,0.14282182552,4.97663935728,0.036872699319999994,1.4463614736800001,0.1556175082,0.67424337176,0.25269604696000003
Earthly,0.21440211252000002,0.02458864376,2.53200101212,0.014916628660000002,0.44312794484,0.0812295861,0.27942062038000004,0.13174702448
Easybuild,0.21208834052,0.027102078760000002,2.50136448412,0.01588016466,0.45026975784,0.07799121710000001,0.25709580938000004,0.13089278548
Ecmarkup,0.21654945452000002,0.02896288276,2.51228745812,0.015369242660000003,0.47423413784,0.0815464961,0.26851552238000004,0.15170931448
Edge,0.21329415752,0.02768477676,2.49875025812,0.01575942266,0.74199431084,0.0710892251,0.20647450738000003,0.13232764248
EdgeQL,0.42378308304,0.05766328452,4.92794193624,0.030363342320000004,0.87894459368,0.18821678220000002,0.4683684397600001,0.26038807796
EditorConfig,0.64885711356,0.07588938028,7.746727245359999,0.04789392498,1.37008528452,0.2567614153,0.72750502614,0.39934033444
Edje Data Collection,0.21368405052,0.02674556176,2.7006517841199997,0.01738554666,0.44111067184,0.08123415710000001,0.22577091638000002,0.12964542448
Eiffel,1.5106944046400002,0.19669833832,17.15838694784,0.10625139662000001,3.2620412248800004,0.5308604597000001,1.82375300366,0.91522743336
Elixir,1.28184634812,0.17105316856,14.687239910840002,0.09565732596,2.81890825204,0.5034059026,1.6864829782800002,0.77114762488
Elm,0.64118215056,0.08419246128,7.588610709359999,0.04793347598,1.3827318475200001,0.25000078530000003,0.8073240981400001,0.39833048544
Elvish,0.21397918952,0.02650709176,2.52757458112,0.01563055066,0.43805427584,0.0791162851,0.27738961138,0.12961343448
Emacs Lisp,2.34446012272,0.30999178336,27.58791668432,0.17466858726,5.07327699824,0.9517409121,2.4859394701800004,1.46174707928
EmberScript,0.21578463852000002,0.02602073376,2.53826159512,0.016007622659999998,0.47546259684000003,0.0886427291,0.22276476638000003,0.13877612648
Erlang,3.41116755032,0.44822677916,40.007326692919996,0.25434566156,6.973512369440001,1.2284991206,3.81121887408,2.11795414968
Euphoria,2.2449959842,0.2948432126,24.5892975824,0.16054901060000001,4.552581910400001,0.786033329,2.5220457858,1.2853304568
F#,1.7206882351600001,0.20730214508,20.12188913896,0.12503081627999998,3.79132149572,0.6584032568,1.8234921090400003,1.14322265384
FIGlet Font,0.21678917952,0.02565365876,2.4304827021400004,0.015816635659999998,0.45873919084000003,0.0764663931,0.21540187638000002,0.12592602948
FIRRTL,0.42363660204,0.05760977852,5.17573552524,0.030856690319999998,0.87297742568,0.1513626192,0.50358778776,0.25797370396
FLUX,0.85688948608,0.11575405704,10.06227704648,0.06309211264,2.5736960263600004,0.3493019524,0.9527904465200001,0.53117728992
Fantom,0.42785124403999997,0.05723715152,5.32866350724,0.029959812320000005,0.90547766368,0.1535168822,0.47855112476000006,0.26226276996
Faust,0.43023340904,0.051701543520000004,4.90296384324,0.03116535232,0.8889411766800001,0.1844990822,0.49445190376000003,0.26114988596
Fennel,0.42874764604000004,0.05569036452000001,5.24764295924,0.03123841332,0.90697172268,0.1721046102,0.5203102337600001,0.27119274496
Filebench WML,0.21289472252,0.02820619176,2.57552059512,0.01588108366,0.46483265184000006,0.0970652011,0.22535420038000004,0.13253356248
Filterscript,0.43048529704000005,0.05000262452,5.0433201272399995,0.03170194132,0.92673761768,0.17327448420000002,0.44684691976,0.28541241496
Fluent,1.0759218336,0.1381849228,12.846900999599999,0.0790795553,2.3771372052000004,0.38263771850000006,1.3198651269000001,0.6545867214000001
Formatted,0.66852122056,0.18645153328000003,7.85820151036,0.046695381980000006,1.84951028352,0.24735354730000003,1.9189107971400001,0.39807453544
Forth,3.44024216732,0.44153677116,41.01797361392,0.25246955156,7.253332050440001,1.2566952666,4.138706214080001,2.10411786568
Fortran,1.0768457366000002,0.1413582608,12.4375542946,0.0786344763,2.2337653542,0.3820758965,1.1414007899,0.6513369544000001
FreeBASIC,0.85557106408,0.10951406604,10.25620654948,0.06347636064,1.8625113673600002,0.3342341164,0.9903474785200002,0.56275865092
FreeMarker,0.43016015104000005,0.05568262952,4.959951866280001,0.029817804320000002,0.9347577516800001,0.17571410320000003,0.44154863276,0.25328375595999997
Frege,0.88266230808,0.10762169804,9.932779244479999,0.06537779164,1.80403987936,0.3144181354,1.0126344365200002,0.53220167892
Fstar,0.64095644956,0.07986203428,7.38054800936,0.04825630098,1.3222620365200002,0.26308943030000004,0.7689417781400001,0.39877491844
Futhark,0.21237996852000002,0.02857550876,2.46286181812,0.01563302666,0.45977289984,0.0764504721,0.24986594238000004,0.13211839048
G-code,0.63995018756,0.08398844628,7.418581146359999,0.04514344898,1.40245836652,0.2339229403,0.7685313651400001,0.43495632644
GAML,1.27802602812,0.16489808656,15.037835510719999,0.09671537095999999,2.73752920604,0.4751982756,1.6216500842800001,0.78928980988
GAMS,0.21453170952,0.02740000776,2.5270100691199997,0.01598541266,0.42923855884,0.0781972991,0.23753294938000002,0.12581552148
GAP,1.94047653068,0.23063643684000001,22.22117830008,0.13929055794,4.19960173056,0.7408668729000001,2.1275727474200004,1.20039103432
GCC Machine Description,0.24676988152,0.04073572976,2.48505632514,0.01849999466,0.49353140884,0.0771381601,0.21532130238000002,0.14446820148
GDB,0.42710011104,0.05376235252,4.85262378224,0.03204079632,0.9115966766800001,0.19171660020000003,0.48911530676000003,0.26421806096
GDScript,0.8648710230800001,0.11304459704,10.24267392048,0.06330993464000001,1.8832476913600003,0.30614993840000004,0.71021977652,0.52765673392
GEDCOM,0.21231106252,0.02938691376,2.5718065851199996,0.015730083659999998,0.51170718084,0.0854667771,0.52342217238,0.13031766548
GLSL,4.2989530814000005,0.5350427862,49.600848981800006,0.3101916692,9.792741340800001,1.7053723440000002,4.9624039666,2.5650818126
GN,2.35584451872,0.30464249736,28.059456343319997,0.17719249026,4.850816031240001,0.9111499501,3.35863027818,1.4452693752799999
GSC,1.28112667212,0.14988571556,15.357020883719999,0.09176298996,2.68444227104,0.48059888559999997,1.5583125722800002,0.78850379888
Game Maker Language,2.3867882697200002,0.30313012036000003,27.628016803319998,0.17728506426,5.2447597452400005,0.9263695551000001,2.49335199818,1.47034181928
Gemfile.lock,0.21283427752,0.028584304760000002,2.47840051712,0.01510877966,0.46144312484000005,0.0778769541,0.27402806038000005,0.13061728948
Gemini,0.21295272852,0.02646476176,2.66891633612,0.014423421660000001,0.44623120484,0.0876403021,0.26725934938,0.12897326648
Genero 4gl,0.63975507856,0.08184477128,7.73721337836,0.04723016598,1.31011835552,0.23788419830000002,0.6894165051400001,0.39230614944
Genero per,0.21192080752,0.02788800876,2.52678126012,0.015433608660000002,0.43410972084000005,0.08586522910000001,0.22978429438000003,0.13998165248
Genie,0.85410920408,0.10937653904,10.25604593148,0.06493709364,2.17367563236,0.3332626844,0.9352215325200001,0.54100378492
Gerber Image,3.89215698336,0.49921989268,45.48990727616,0.28388673488,7.98245433012,1.3840410208,4.08333460784,2.34840911064
Gherkin,0.42612682604,0.05642039052,4.931298914280001,0.03065459132,0.90170354368,0.16082029120000002,0.4410265037600001,0.25382969296
Git Attributes,0.22556122652000002,0.02595924876,2.6713291571199997,0.01520218066,0.45507657384000005,0.0794949551,0.23048949038000002,0.12973783248
Git Config,0.64465369556,0.08538495128000001,7.285361725420001,0.04856841098,1.3755050395200001,0.26481909330000003,0.65349359114,0.38239769444000005
Git Revision List,0.21385121052,0.02768661676,2.5548312791199996,0.015250319660000003,0.45566746784,0.0786124451,0.22487172438000003,0.13033379348
Gleam,0.42691999204000003,0.06016183052,5.05793763324,0.03096267032,0.8795436616800001,0.1555428332,0.47108129476000005,0.26308794496
Glimmer JS,0.43011701004,0.05653862952,5.12179246024,0.03192412432,0.9139434796800001,0.1637681622,0.45836661976000004,0.26568627196
Glimmer TS,0.42399463704,0.05734275752,5.32557216624,0.032290374319999995,0.89161006668,0.15751506920000002,0.46008080676000007,0.26858523996
Glyph Bitmap Distribution Format,0.22351848852,0.02686632776,2.70017493312,0.015566869660000001,0.46460390984000005,0.0782078631,0.22696675238000003,0.13037656548
Gnuplot,1.70884171316,0.22004753808,20.04903636896,0.12471295328000001,3.7484507677200005,0.6315557038,1.86236043804,1.0514339988399999
Go,0.87644397908,0.10593392004,10.397100052479999,0.06313927764,1.8699980633600002,0.3357963324,1.38052590252,0.52969883392
Go Checksums,0.43410934804,0.05600182452000001,5.20420190524,0.031101856320000003,0.84983528368,0.1508396442,0.44994054276000006,0.26250423196
Go Module,0.21477239952000002,0.02559908576,2.39059852612,0.01598640466,0.46039419784,0.0780632401,0.22602014938000003,0.13171120448
Go Workspace,0.21381802652,0.02431975976,2.4740398841199998,0.01511851466,0.44913803584,0.08279301210000001,0.22607072738000003,0.13289510048
Godot Resource,1.0659385696,0.1369888918,12.464559268599999,0.0798397413,2.2852823502,0.4348330815,1.1461855299,0.6471381804
Golo,5.773935892040001,0.75608928152,68.39596014023999,0.43332639982,12.70836039668,2.1061268677,6.4036912172600005,3.60285761196
Gosu,1.0694332676,0.1436234108,12.3774299676,0.07802866030000001,2.4100409762000004,0.38900822050000006,1.1457673619000002,0.6763247924
Grace,0.42582975304000004,0.05699967952,5.16863364424,0.03277903232,0.89227785068,0.1552847932,0.49526532276,0.26124337696
Gradle,0.42973701204000003,0.05173240152,4.884395019239999,0.030723413320000004,0.8960469046800001,0.1801926742,0.46947233276000006,0.26758889196
Gradle Kotlin DSL,0.21919554752,0.02788487776,2.4610268721199997,0.01558991566,0.45850104484000004,0.0767971531,0.22766572538000002,0.13359746648
Grammatical Framework,8.83492406132,1.15372715116,104.28820834492,0.6465027480600001,17.85755972544,3.1869331881000003,9.40134447958,5.44420921968
Graph Modeling Language,0.64173248456,0.07808636028,7.509988452359999,0.044775822980000005,1.4069554075200001,0.26212393230000003,0.6897785301400001,0.41089580044
GraphQL,0.85708448608,0.11206757904,10.304589223479999,0.06428088864,1.8168181163600001,0.34127030540000003,1.26037304952,0.52309159092
Graphviz (DOT),0.42403263004,0.05624477752,5.31153260324,0.030441641320000004,0.8655799906800001,0.1569240032,0.46375364076000003,0.25935546796
Groovy,1.29255410212,0.16058964256,15.30481720672,0.09761391296000001,2.6827812850400004,0.5008146736,1.27789800028,0.78226664388
Groovy Server Pages,0.86003220708,0.10143913003999999,9.65358269356,0.06389009664,1.84128138236,0.3049027814,0.86060447352,0.52139390992
HAProxy,0.86484475808,0.11294018604,10.357359144479998,0.06010505764,2.5030760363600004,0.3063435714,0.94922702952,0.54127645992
HCL,1.2960090181200001,0.17149511956000002,15.329366747719998,0.08815795996,2.97401315504,0.4706034256,1.44334406328,0.80332096688
HLSL,1.0725258286000001,0.14134356180000002,12.514333533599999,0.0779131183,2.8186654842000003,0.4475046035,1.2909506749000002,0.6563593884000001
HOCON,0.8575084390800001,0.11360448204000001,9.67524835056,0.06357433464000001,1.80812382536,0.3498175544,0.9838726715200001,0.5098648219199999
HTML,1.72242246016,0.22276672808,20.11449715196,0.12705277228,3.9083591657200003,0.6163988918000001,2.00772938304,1.09117379284
HTML+ECR,0.21451811052,0.02571570576,2.4417874511199997,0.01549922366,0.43286059684000006,0.07953398510000001,0.24921965938,0.13096847848
HTML+EEX,0.64162946156,0.07681839628,7.4985947373599995,0.04585899298,1.3638934095200002,0.24231549330000002,0.7539803411400001,0.39066741943999994
HTML+ERB,0.64088054356,0.08292160728,7.72140806736,0.04885237098,1.39281510152,0.2655178153,0.7571586431400001,0.41334825744000003
HTML+Razor,0.44539732504,0.05457093552,5.038892007239999,0.03277254232,0.86510704768,0.1577091722,0.4647485197600001,0.25718524196000003
HXML,0.42772090304,0.05558314652,5.11504299924,0.030735860320000002,0.9153133796800001,0.17821233120000002,0.4670374647600001,0.26413804796
Hack,6.4765514596000004,0.8241972498,77.2720330256,0.45266624180000004,13.7805176562,2.4510590740000002,7.606827291400001,3.9943951364
Haml,0.43995083804,0.05442249852,5.076602449239999,0.03145362432,0.91228365568,0.15883231920000002,0.48042016276000005,0.27045407196
Handlebars,0.42692050304000007,0.05406872352,5.13916379524,0.030372802320000003,0.8803912916800001,0.15280631320000002,0.46897123576000005,0.30705105396
Hare,0.64505815656,0.08407895428,7.386252816420001,0.047868541980000005,1.3856001665200002,0.2395624963,0.74705059314,0.37982879544000003
Haskell,1.0818830566,0.1390898778,12.2953352566,0.0770938983,2.1531439742000003,0.3891527265,1.1434363909,0.6746615584
HiveQL,0.45471056604000004,0.05509981052,4.92586255228,0.031065512320000002,0.91591746868,0.1544716022,0.46831781976000003,0.25657241395999997
HolyC,1.0775055466,0.1299711678,12.706884417599998,0.0791293723,2.2142521372,0.4446830075,1.4573784579000002,0.6565646664
Hosts File,0.42776592704000005,0.05372370952,5.073205146239999,0.030813902320000003,1.1838977746800001,0.1544472322,0.45101551076,0.26058967896
Hy,0.6463556595600001,0.08620813928,7.71129764436,0.04711489898,1.35419760052,0.23655630030000002,0.7112863941400001,0.40608379444
HyPhy,1.91304650716,0.22568333808000002,20.38751356796,0.12522794328,3.8770249367200003,0.6242545738,2.72969982504,1.05037119984
IDL,1.0719843456,0.1413581608,12.298995393599998,0.1198917423,2.3459552082000004,0.4089352235,1.2048217129,0.6732732114
IGOR Pro,0.66186297756,0.07880424828,7.7736664613599995,0.046723096979999997,1.3515762635200002,0.25041616730000005,0.67422038914,0.39855654244
INI,3.67224604084,0.43659680092,43.29864766704,0.26889890722,8.255017563280001,1.4235121307,4.1358193424600005,2.22259951716
Idris,0.21504690652,0.02826628876,2.56774473512,0.015194207660000002,0.44779568984,0.0839068941,0.25949851538,0.13214164647999999
Ignore List,4.47035546692,0.59026394796,50.647022039940005,0.33064971486,9.16697619564,1.7702063541000002,4.50200449398,2.68423617008
ImageJ Macro,0.44015310704,0.05052339852,5.12068083524,0.03238356032,0.90709827468,0.16486297519999998,0.45705500276000005,0.26302946396
Imba,0.21560799552,0.028918319760000002,2.4377907681199997,0.01607094866,0.45676167484,0.0791308381,0.24321409038000003,0.12679324848
Inform 7,0.42558903004000004,0.05422284752,5.36894433324,0.030716206320000005,0.9185810516800001,0.16425755720000002,0.4562135097600001,0.26556498896
Ink,1.0723531706,0.14176979680000001,12.6463548436,0.0812049023,2.2788046742000003,0.3891685315,1.3859318749000002,0.6625608954
Inno Setup,0.43343576104000003,0.05552412052,5.07011560624,0.03112471932,0.92079761068,0.15637996120000003,0.4493161747600001,0.26346580996
Ioke,0.21320526452000002,0.02487582076,2.54976917612,0.015197114660000002,0.43769979784,0.0780741991,0.23476958338000004,0.13608490548
Isabelle,0.21672094552,0.02609892876,2.6550238181199997,0.014879590660000002,0.43333059584000005,0.07299622310000001,0.24414952538000004,0.13172205248
Isabelle ROOT,0.21233242552,0.02968752376,2.47942794712,0.01579910566,0.46688885684000003,0.0745777351,0.22901122238000002,0.13034835248
J,0.42546273804,0.05491016752,4.8138857242399995,0.03234242732,0.89195498568,0.18184853820000002,0.4704893747600001,0.26510039596
JAR Manifest,0.21634543352000002,0.02812405276,2.43804929012,0.015330856660000001,0.45403352984,0.0791437691,0.22869011238000003,0.13179045848
JCL,0.67991995656,0.07788056328000001,7.30391015342,0.04687511198000001,1.3732206425200002,0.24232245530000002,0.4797159081400001,0.38806651644
JFlex,0.43222734404,0.05233584652000001,5.07812868824,0.03191174732,0.9123305746800001,0.1565747412,0.49500481876,0.26182801495999997
JSON,7.8757609657200005,0.94576211236,90.80294167731999,0.53447345276,16.76309025024,2.9359434086,8.96191208868,4.76654027628
JSON with Comments,5.75828128104,0.74292575352,66.25401470378,0.42267943182,12.273316948680002,2.1766430057,5.82532497826,3.43655514596
JSON5,0.42926808704,0.055471058520000005,4.88955125524,0.03132800032,0.8712486016800001,0.15581834320000001,0.5919475527600001,0.26607793896
JSONLD,0.21905167752000002,0.02638176676,2.42604404112,0.015620127660000002,0.44190571284,0.0822078831,0.23611945238,0.13683731548
JSONiq,0.42944058304,0.05274083252,5.02329444024,0.03091061432,1.35237616968,0.1701918352,0.46382956976,0.26375225296
Janet,0.63972138656,0.08532413928,7.42404790036,0.04748831898,1.3726833905200002,0.2508272313,0.72203646014,0.40735158744
Jasmin,1.70531346616,0.22801879908,20.23001228996,0.12174727928000001,5.531216097720001,0.6650933578,1.56159317004,1.08210205184
Java,2.38188882772,0.30738116736,27.90673669632,0.17407989626,4.836183372240001,0.9319474401000001,2.71093511418,1.48427892628
Java Properties,0.42796464704000003,0.055412261520000006,5.01678912224,0.03196523532,0.9479350736800001,0.1734119562,0.46199707676,0.27544899196
Java Template Engine,0.21664434152,0.027797324760000002,2.54014578112,0.014509278660000001,0.45277502684000004,0.0962706101,0.22949047838000003,0.12747211348
JavaScript,8.6593030068,1.1672325524,104.0716050378,0.6115312504,19.438769884600003,3.202046074,11.460751765200001,5.3066165362
JavaScript+ERB,0.21406472752,0.02842448076,2.6727113021199997,0.01564676166,0.47325221984000004,0.0764909421,0.25104850838000003,0.12931335548
Jest Snapshot,0.21367768052,0.025213352760000002,2.5059779241199998,0.01560067266,0.43866549484,0.07797202610000001,0.21748161138000002,0.13183244548
JetBrains MPS,0.64175270056,0.08259619928,7.610551881359999,0.04820813798,1.3634963155200002,0.2364435393,0.6725435791400001,0.39057033444
Jinja,0.42681922504,0.05478751352,5.04277706924,0.030108320320000003,0.9084406976800001,0.15370547820000002,0.47276298376000003,0.26119139996
Jison,0.6404859875600001,0.08476914928,7.453578997359999,0.047479305980000004,1.35440474452,0.2744452613,0.7121510931400001,0.38782923844
Jison Lex,0.42610267204,0.05470563152,5.12058534924,0.03602527731999999,0.91869023368,0.1558708922,0.45791791876000004,0.26212255296
Jolie,1.0614716626,0.1358579878,12.753647421599998,0.0799038433,2.3092875452,0.4152805245,1.2415138239,0.6580202074
Jsonnet,0.21894091752,0.02696239576,2.6696679721199996,0.01664860566,0.42939572284000005,0.0789821901,0.22553166538000002,0.13307165948
Julia,0.42866864804000004,0.056121394520000006,4.913245760280001,0.030757283320000002,0.91178772068,0.1670865242,0.62108639476,0.25451599796
Jupyter Notebook,0.21814816252000002,0.02686259076,2.5585480431199996,0.01577281866,0.46489137484000004,0.09049379810000001,0.22705246638,0.13136729148
Just,0.42428708704,0.055682645520000004,4.928686731239999,0.03207476132,0.97830569168,0.1539600282,0.48020693576000006,0.25829722396
KRL,0.21283527652,0.02756472176,2.63965248012,0.01575293966,0.43267034584,0.0777831841,0.23135871738000002,0.13162592748
Kaitai Struct,0.42765329003999997,0.05419548552,5.13159601924,0.03143996432,0.8853485676800001,0.1693061412,0.45684048476000005,0.26183899596
KakouneScript,0.64286850256,0.08310879228000001,7.355353536359999,0.04637300098,1.31154618452,0.2338094543,0.7806541691400001,0.39384963944
KerboScript,0.6430892905600001,0.08527991128000001,7.626998108359999,0.04685470098,1.92538345052,0.23448144730000003,0.7165031241400001,0.39498890744
KiCad Layout,3.4050557983200003,0.45222878416,38.882774424240004,0.24858943956000001,6.99549293944,1.3253401356,3.6853872530800005,2.03183614268
KiCad Legacy Layout,0.21334858352,0.09983323076000002,2.49553885714,0.01497450466,0.7291493668400001,0.0927925411,0.21347147538000003,0.12703591848
KiCad Schematic,1.51182328264,0.22876384032,16.99200263384,0.11240170362,4.33460879388,0.5502679537,1.6027937796600003,0.91598609736
Kickstart,0.64422363356,0.08042743828,7.395842335420001,0.04673757898,2.0660482995200002,0.2491317973,0.76750657414,0.37957737044
Kit,0.21225612652,0.02813103276,2.59052449612,0.015515555660000001,0.44989353284000005,0.09526447310000001,0.21890188238000002,0.13150905948
Kotlin,0.21401808052000001,0.02817348176,2.46539902012,0.014811192660000002,0.45103339884000004,0.0859720191,0.24387927138,0.13505497848
Kusto,0.86483457808,0.11323593304,9.83280120456,0.06141841664,1.84551884136,0.34938328240000005,0.9499938895200001,0.50837320692
LFE,0.88886764308,0.09898861804,9.89896799948,0.06605089364,1.8280065433600001,0.32213714540000005,1.0342261915200002,0.5195710409200001
LOLCODE,0.21772051852000002,0.02783520276,2.5632046791199996,0.01635416066,0.46537771884,0.0819989901,0.32256986038,0.13198077848
LSL,0.42646711904,0.05328420452,5.1063694562399995,0.032672413319999996,0.92152036868,0.1512883772,0.46864802276000006,0.26460851396
LTspice Symbol,0.21655508752000002,0.02894412776,2.4509733121400004,0.01527102166,0.46869014784,0.07862268210000001,0.21567214238000001,0.13027982148
LabVIEW,2.36095898572,0.30423829436,28.50070700532,0.17363830926,5.0325438592400005,0.8994150481000001,2.58712050518,1.47103510128
Lark,0.68402476156,0.08102295228,7.36038421536,0.04744428698,1.35097044852,0.2295662563,0.72191251314,0.39234681443999997
Lasso,0.63934602756,0.07861070828,7.81010100436,0.04782009998,1.39921877852,0.2476709023,1.45715222914,0.40273280444000004
Latte,0.42577189104,0.05722529552,5.11277550324,0.02959986632,0.9098259586800002,0.1485440842,0.50351897176,0.26245865996
Lean,0.42937868704000004,0.05164617752,5.15785521424,0.03040036532,0.9005723306800001,0.15289332020000002,0.45588987776,0.26018169796
Lean 4,0.21549072152,0.02714445876,2.4774924831400003,0.01624195866,0.46928758984,0.0977176861,0.23056467238000003,0.12899850948
Less,0.21627831952,0.02859186776,2.4838071891199998,0.014991012660000002,0.43276636284000003,0.0794605461,0.30057457338000004,0.13382361048
Lex,0.43543351904000005,0.05364547552,4.94007988724,0.031607183319999996,0.9307400076800001,0.1517844262,0.50936978376,0.26246665996
LigoLANG,0.21212600052,0.02643736876,2.4204733221400003,0.01659297866,0.46253896384000004,0.08250802210000001,0.24116026138000002,0.12948779348
Limbo,0.6435025225600001,0.08468193528000001,7.92055819336,0.04642619398,1.7339978125200002,0.2843756853,0.7033151791400001,0.42067626244
Linker Script,0.85022378708,0.11228808504000001,10.30712850048,0.06394232864,1.80881481536,0.3028842734,0.89416183652,0.51888892292
Linux Kernel Module,0.64119658156,0.08307404528000001,7.55600617736,0.04813011498,2.0136799945200003,0.23771242930000003,0.6856575661400001,0.38757447344
Liquid,0.43053702804000005,0.055111314519999996,5.36076375524,0.030705245320000005,0.86287987468,0.1537391782,0.48067175276000007,0.30711824596
Literate Agda,0.21354113252,0.02671105176,2.67899059312,0.01556768366,0.47901329584,0.08481666210000001,0.22525003238000002,0.13303446648
Literate CoffeeScript,0.42991299004,0.052781299520000005,4.94765276324,0.03181568732,0.91665100868,0.1616563432,0.45573889576000004,0.28034485396
LiveCode Script,0.85982970108,0.11241248804000001,10.39181240348,0.06394300064,1.7268051663600001,0.3132261504,0.8731057855200001,0.52280238192
LiveScript,0.21198390752000001,0.02921699976,2.4942786081199997,0.015547080660000002,0.46082466884,0.0823343061,0.23943261538000002,0.13154646048
Logos,1.0807251736,0.1426298658,12.461356212599998,0.0810341963,2.6472589652000003,0.4448496495,1.0615826749000001,0.6685562004
Logtalk,0.21418873452,0.02722025776,2.5218243661199997,0.01533694166,0.45860226784,0.0866129041,0.19425060538000002,0.13759848148
LookML,0.63719759056,0.08507649928,7.2707800454200004,0.047866040979999996,1.3920881555200002,0.23535348030000003,0.6698540771400001,0.37996586344
LoomScript,0.42693129104000005,0.05523375952,4.999399071239999,0.03153796432,0.94427381968,0.1819309342,0.4861830087600001,0.27245314596000003
Lua,1.5095550956400001,0.19447483732,18.05632476784,0.11279950162,3.1992613178800005,0.5373040007000001,1.6359840696600003,0.93247469236
Luau,1.0622097286,0.1381067468,12.911981062599999,0.0794436333,2.3131932272,0.38427519250000003,1.3397112559000002,0.6736265224
M,6.24030968108,0.82132101404,74.32085629048,0.45926640714,15.32914403636,2.2686586619,7.627879353020001,4.451793528920001
M4,1.0711109356000001,0.1320107058,12.7754632666,0.0807392403,2.3147009662,0.3819210465,1.1679061939000002,0.6725723294
M4Sugar,0.6732064975600001,0.08320411728,7.634636070359999,0.04763218898,1.3786668185200002,0.2455675193,0.7770613341400001,0.39164735344
MATLAB,8.39179356628,1.01791348464,99.06883849667999,0.5992818707400001,18.683874597760003,3.3185172009,11.926793916820001,6.06736607972
MAXScript,1.0774383526,0.1302762308,12.226133514599999,0.0753323543,2.3470793882,0.4162045735,1.1986644719000001,0.6627942644
MDX,0.21388247052,0.02833344976,2.6982518721199997,0.01632734566,0.42931929384,0.07587610310000001,0.24036059938,0.13120027948
MLIR,0.8529989530800001,0.10792001104,9.895576347479999,0.06270518364,1.82246987936,0.3062291594,1.1921326975200002,0.52474796092
MQL4,0.63867356156,0.07926786828,7.260201514359999,0.04509369798,1.55758102952,0.26392904930000005,0.9745989681400001,0.38663043544
MQL5,0.6410468785600001,0.11163918128,7.75977285836,0.04636232398,1.5692245095200001,0.2447056193,0.7808392071400001,0.39998987144
MTML,0.21465639352000002,0.02501311376,2.6883525701199997,0.01469101266,0.43952012784000005,0.0850920321,0.22849767638000001,0.13356085848
MUF,0.42882600604,0.056568032520000006,4.8547182192800005,0.031143313320000005,0.92462330368,0.1724330152,0.47272954976000003,0.27689084795999996
Macaulay2,0.21216762452000001,0.02660842976,2.4345278801199997,0.016096574659999998,0.45301187384,0.07939902110000001,0.26974744938,0.13301109748
Makefile,2.60883728724,0.33815373012,30.42640139044,0.19645003492000002,5.53272280908,0.9308494952,2.9965944025600004,1.60955594476
Markdown,2.1454684622,0.2852298796,24.803799250199997,0.15582657160000002,4.3939075574,0.804054866,2.7131716418000003,1.3382046288
Marko,0.63832215456,0.08359642028,7.797158835359999,0.04683915298000001,1.3041100005200001,0.2666384033,0.6903473711400001,0.39232094844
Mask,0.21271441552,0.027934064760000002,2.45893194212,0.01702693366,0.68201976484,0.07840102010000001,0.25618078338,0.13472163348
Mathematica,2.55427148524,0.37423811712000005,30.651294439439997,0.19356184292,6.25735970708,0.9523921212,3.31951918756,1.72683466876
Maven POM,0.21354321352,0.025213299760000002,2.51275294212,0.01622985466,0.45860728784000004,0.0835707911,0.21590042838,0.14045336548
Max,0.6408506485600001,0.08116448628,7.56427134236,0.04529662098,1.33787981352,0.24025014830000002,0.72992210714,0.39888239844
Mercury,2.2078454172,0.2766279116,24.8976193382,0.1583950486,4.8363817594,0.798330285,2.9981437388,1.5574373918
Mermaid,2.33782747072,0.30317497536,28.469355001319997,0.17107637526,4.752879996240001,0.8529532861000001,3.02966997518,1.43060915428
Meson,0.42908670404000004,0.054890450519999995,5.2513589632399995,0.030401832320000006,0.86718325068,0.16776430120000002,0.47705746276000005,0.26303695596
Metal,0.21730440752000002,0.02676045376,2.51168123112,0.01585492966,0.45014963784,0.0916323031,0.26517726538,0.12985188048
Microsoft Developer Studio Project,0.22556382352,0.02782084576,2.67046224012,0.016587643659999998,0.47217085484000004,0.0733496441,0.23144878138000002,0.13070374848
Microsoft Visual Studio Solution,0.21512424052,0.02621582176,2.66392191412,0.015472782660000002,0.44821560184000003,0.0773738311,0.21374389538000002,0.13221330847999999
MiniYAML,1.92405388768,0.24869554384,22.354334925079996,0.14015751794,4.207332855560001,0.7889033229,2.1201007954200004,1.18909403832
Mint,1.27934845712,0.16540041056000002,14.859463891719999,0.09531970996,2.77620527404,0.46426268660000003,1.40971570628,0.79409089488
Modelica,2.57657297024,0.40953998712,29.94752301944,0.18582570592,8.182530768080001,0.9855688452,3.0507350915600004,1.6759685577599999
Modula-2,0.21216589852,0.029752124760000002,2.4367468081199997,0.01634784966,0.46749237884000006,0.0845951961,0.24026251238000002,0.13364835448
Modula-3,1.0775552076000001,0.1250591278,12.5431307886,0.0789485203,2.3075075442,0.4041343935,1.3197478589,0.6543165714
Module Management System,1.0674069616000001,0.1378773738,13.007045846599999,0.08100470629999999,2.3148016172,0.4046025045,1.1394399399000001,0.6500512454
Mojo,0.42775303504,0.05566547152,4.931527410239999,0.03083774032,0.9398401246800001,0.17784321520000002,0.49312760676000006,0.26479337496
Monkey,1.0677974996000001,0.1298093388,12.463909045599998,0.0826929233,2.3136417902,0.3996938105,1.1853209009,0.6563893554
Monkey C,0.21301636152,0.02846810876,2.55938949612,0.01604986266,0.47468860184000006,0.0741163601,0.22090994838000003,0.15199799548
Moocode,0.6437232045600001,0.10092213928,7.347862033359999,0.047324721980000005,1.9407746375200001,0.23384409430000003,0.8134064631400001,0.40005569143999997
MoonBit,1.0879256566,0.1414924988,12.862578211599999,0.0792590563,2.2047379932,0.3888612215,1.2636018329,0.6516827954
MoonScript,0.21186451252000002,0.02756151976,2.5650924421199996,0.01584469266,0.44093648584,0.0947327521,0.26700575738000004,0.13417490748
Motoko,0.43593845204000004,0.060835046520000005,4.9103499602800005,0.03230556832,1.34082141268,0.18016904920000001,0.5558388897600001,0.26711932296
Motorola 68K Assembly,1.32695806012,0.16151309256000002,15.47702311172,0.09256972796,2.7903243040400003,0.4665185566,1.36805114928,0.81825571888
Move,0.42444729304000006,0.05389580252,4.94175426324,0.029061176320000003,0.8970647286800001,0.16253590420000003,0.5438412587600001,0.26226219796
Muse,0.43078117404000005,0.05303856852,5.33761993124,0.03149445232,0.92690488268,0.1828854362,0.6070160307600001,0.26323938396
Mustache,0.85138760008,0.11476542004000001,9.92776179348,0.061765459640000006,1.85445690136,0.34540571740000003,0.9469211005200001,0.53273647692
NASL,2.1424313242,0.2960245986,25.1362339362,0.1583002126,4.3736193054,0.867446181,2.4778960598,1.3218656758
NCL,3.4242867403200004,0.49869117316,40.95559385992,0.24444932956,10.802198862440001,1.3174045426,3.89189303408,2.11208665868
NEON,0.42949658004,0.055446013520000004,5.1278570942399995,0.02972437332,0.89909710468,0.17686930420000002,0.5300008027600001,0.26398677096
NL,0.42537826104,0.05424498552,4.81578637128,0.03164303332,0.9040892206800001,0.1790930142,0.49581912876000006,0.26374398296
NMODL,0.42948334904,0.05559800152,5.131771051239999,0.03140196532,0.9178645886800001,0.15388921220000001,0.46744468076,0.26649440796
NPM Config,0.21321651552,0.028497876760000002,2.53334448712,0.01581728066,0.45672751184000004,0.07770873410000001,0.22845757038000003,0.12765921648
NSIS,0.43013310604,0.05292278852,4.81635594828,0.03175386232,0.8714646096800001,0.1548143962,0.69158431176,0.25755855196
NWScript,1.28585658612,0.15607296156,14.99407922072,0.09365329096,2.71950190604,0.5047293476000001,1.5332829912800001,0.79695142588
Nasal,0.42663894904,0.07259605352000001,4.9785759892399994,0.03148329532,1.38338695668,0.1676133942,0.5582643607600001,0.26506614796
Nearley,0.21460939352,0.02988878576,2.72343790112,0.015607242660000001,0.45779573084,0.0725138391,0.25491551438000004,0.13148920648
Nemerle,0.21270159652,0.02288350876,2.6417187751199998,0.015217067660000002,0.46532044084,0.08597011210000001,0.23061095638,0.13971749748
NetLinx,0.42642042404,0.052850880520000004,5.42999082024,0.03171660032,0.90186483768,0.15320258320000002,0.49473883976000005,0.26613674496
NetLinx+ERB,0.42569479904,0.05575568052,5.25451813424,0.031082895319999998,0.86480078668,0.15935344420000003,0.5167394837600001,0.26124076795999995
NetLogo,0.21418585952000002,0.026274674760000002,2.4531958911199996,0.016793896659999998,0.42992603784000005,0.08757610910000001,0.24289994338,0.13627392748
NewLisp,0.6421851645600001,0.08088914928,7.60581187636,0.04926500398,1.3867486745200002,0.2378442343,0.7676183751400001,0.41285243744
Nextflow,0.8563639160800001,0.10240688804,9.955564032479998,0.060858876640000004,1.8446340353600001,0.3085831324,1.0093028625200002,0.5412908439199999
Nginx,0.64083191756,0.07903665428000001,7.555095638359999,0.04673457698,1.5532068165200001,0.2502056573,0.7112807971400001,0.40845870344
Nim,1.28978123112,0.16267733756,15.116725761719998,0.09549431696,2.76515774304,0.4700402106,1.4561139902800002,0.7930119358800001
Nit,5.126729640480001,0.67183364124,60.28052024388,0.38438353584,10.46895219616,1.9735162314,5.782382233120001,3.26511553352
Nix,0.22636392252,0.02794129676,2.64196980512,0.01518279466,0.44107192584000005,0.0839614981,0.23920597238000002,0.13073621848
Noir,0.6407373645600001,0.08455796228000001,7.661077405359999,0.047091082980000004,1.3895844145200003,0.2684602713,0.83606745814,0.39342727844000003
Nu,0.43003022104,0.05102033552,5.08893831224,0.030234775320000004,0.88349747268,0.1807204722,0.46403114276,0.26673086296000004
Nunjucks,0.21440869052,0.02599375676,2.4439010671199997,0.01569016466,0.43225943884,0.0784432171,0.23746807538000003,0.12742793848
Nushell,0.42861315404,0.05090105852,5.15338442124,0.03234091532,0.91832064368,0.1650823482,0.48839260376000004,0.26035118996
OASv2-json,0.21507698352000001,0.02812102376,2.49607225312,0.01688984566,0.46484505184,0.07766610010000001,0.26775989038000003,0.13063952348
OASv2-yaml,0.43068740104000003,0.050038940520000005,4.96986501124,0.03191255832,0.9498308696800001,0.15648012020000002,0.4656894207600001,0.26070054796
OASv3-json,0.21315209252,0.02655231876,2.50147407614,0.01636369366,0.46844975684,0.08057176910000001,0.23247881338,0.12840139648
OASv3-yaml,0.43008060704000006,0.05593615952,4.96759378124,0.030862139320000002,0.9350994566800002,0.16780338220000002,0.49377135876,0.26887676496
OCaml,2.1591932282,0.2812961496,25.631308782199998,0.1599960506,5.0634032794,0.774053935,2.5802725558,1.3136483218
Oberon,0.21722519552,0.02606580776,2.6802173741199997,0.01578061566,0.44144538584000004,0.0819097241,0.23708389738000002,0.13078921348
Object Data Instance Notation,0.21940330652,0.02632828076,2.48942078712,0.01502371666,0.48138007884000006,0.0807716051,0.23347078238000002,0.13140315248
ObjectScript,0.21479026552,0.026225422760000002,2.45004393114,0.01496983266,0.44768522984000003,0.0798755861,0.23687971138000002,0.12723938348
Objective-C,4.76308248444,0.63955211672,55.91313646664,0.35102917152,10.653591134480001,1.8857379552000002,5.071236237360001,3.20464425156
Objective-C++,0.46363662804000005,0.07651668952000001,5.098572301239999,0.03275982532,1.3691234566800001,0.1534357422,0.53413127676,0.26717860496
Objective-J,0.64548025156,0.08664818228,7.35875482542,0.04682302598,1.9348734695200003,0.24309729730000001,0.6234680541400001,0.39461961044
Odin,0.21739880652000002,0.03003312576,2.50234822812,0.01597998066,0.47179085384,0.0855884601,0.30779709838,0.13644410848
Omgrofl,0.21503104952000002,0.02525424976,2.66245667512,0.015245872660000001,0.44683409584000006,0.0842344971,0.22736601738000004,0.13079926048
Opa,0.43464432904000005,0.05411574252,5.01738469624,0.03163290432,0.9241949766800001,0.1568946222,0.4755335017600001,0.26504140196000003
Opal,0.21320097552,0.02500157076,2.46455747012,0.015729470659999998,0.43881413184,0.08214449010000001,0.23617342438000002,0.13121165648
Open Policy Agent,0.8729188490800001,0.10963528104,10.01961622248,0.06308928563999999,1.73405062936,0.3081585274,0.9051224345200001,0.53952481692
OpenCL,0.43209340604,0.05084242052,5.12722421324,0.03162299032,0.9186916926800001,0.1535017492,0.46390002076000003,0.26578035396
OpenEdge ABL,1.29027955412,0.17430671756,15.203178339719999,0.09220668896,3.46794446004,0.5288420296,1.3596716042800001,0.79447478988
OpenQASM,0.21513302852000002,0.02563455676,2.64876552012,0.01596104666,0.43835886384000006,0.0972851361,0.35446191038,0.13102206148
OpenRC runscript,0.21486307952,0.02836994676,2.44528504112,0.01639482766,0.43221447184,0.07880009210000001,0.22687185338000002,0.13133764948
OpenSCAD,0.42601254804,0.05626538752,4.94831757424,0.03219558432,0.86660995068,0.1569182392,0.6041338807600001,0.26696862896
OpenStep Property List,0.42621789604000004,0.057228969520000006,4.8005452462400005,0.02953264632,0.93217160068,0.1757971042,0.45515138876000005,0.25600210996
Option List,1.0723216056,0.1362296738,12.487569495599999,0.0770543883,2.2751808832,0.40363700550000003,1.1328591579000002,0.6428956964
Org,0.21285266252,0.02795464876,2.5426958751199997,0.01550274266,0.45897000384000003,0.08392823810000001,0.30499986438000004,0.14780104248
Ox,0.63741353356,0.08517648728,7.688791612359999,0.04759553098,1.38382527652,0.24104466730000002,0.75877133414,0.39288978444
Oxygene,0.21336969852,0.02712469976,2.45556940412,0.01514244166,0.43334292084000003,0.0781750821,0.23328520938000002,0.13260376248
Oz,0.21245164652,0.02914389976,2.50252863214,0.016173008659999998,0.43533368184000004,0.0858653681,0.34065518238000003,0.12539334948
P4,0.42658107004,0.056020826520000004,5.25409453024,0.032604654319999996,0.9244368296800001,0.16902939220000002,0.54301351976,0.25874044696
PDDL,0.6429097985600001,0.08469660028,8.08286313036,0.04697643998,1.30342062752,0.23242182830000002,0.70419942014,0.39491012244
PEG.js,0.42595425504000006,0.05412944252,4.9451728482399995,0.02971762032,0.9131302346800001,0.1529035702,0.49886642376,0.26041421795999997
PHP,4.11512454088,0.52532760544,49.27193131727999,0.29666181654,8.65171019896,1.4781236039,4.982224347220001,2.5006580771199998
PLSQL,1.71646725316,0.23078362808,20.203647430959997,0.12444749928,4.11072856272,0.6409741448,1.8946505000400002,1.07794664384
PLpgSQL,1.5070269816400002,0.19856999132,17.21562839898,0.11119031662000001,3.27945368488,0.5688398087000001,1.7326844276600002,1.01158014736
POV-Ray SDL,2.71310039524,0.38092206412,30.520929576439997,0.18995072292,5.56192357208,1.0422097232,2.7401861805600003,1.59584853776
Pact,0.42436946204000003,0.058804424519999995,4.9801805752399995,0.03222590132,0.92457066468,0.1539061142,0.5190555907600001,0.26248418496000003
Pan,3.84866046636,0.46935066468000003,44.56992065116,0.28705818588,8.28333368112,1.4648121368,4.393696723840001,2.43573612864
Papyrus,0.6460924425600001,0.08291028828,7.618898939359999,0.044793459980000006,1.38506371552,0.24064113530000003,0.71428864414,0.39530198943999995
Parrot Assembly,0.21167781352,0.02864344176,2.67689124612,0.01642631766,0.46414999984000005,0.0722528471,0.22859994438000003,0.13154124748
Parrot Internal Representation,0.21321037552000002,0.02572522576,2.5712950701199997,0.01544824666,0.44630224184000006,0.0805998961,0.22451790138000002,0.13370160348
Pascal,2.83012031876,0.33804761188,32.88506237456,0.20522110258,6.03635423592,1.1541946143000001,3.1430832859400004,1.7549307022399998
Pawn,1.5699979426400001,0.33356532832,18.14438040284,0.11681131062,4.39251151088,0.6311263717,2.09476579966,0.9295362603599999
Pep8,1.49719489964,0.18303166832,17.63385107484,0.10856253262,3.19688671388,0.6228237357,1.9449683516600003,0.91092612736
Perl,5.82544229304,0.79086393552,70.54969886623999,0.41626780782,13.23161013168,2.2067290917,6.556879900260001,3.51741560996
Pic,0.6403007335600001,0.08515065028,7.5868996083599995,0.04706675098,1.28846306552,0.24621706129999998,0.62589428814,0.40442774843999996
Pickle,0.85397392108,0.10530360404,10.127493167479999,0.060499510640000004,1.8524421853600002,0.3338693774,1.34095329552,0.53297051292
PicoLisp,0.21776749752000002,0.02614939376,2.5005608641199997,0.01602217466,0.46089619984,0.0878602101,0.23925770538000002,0.13442342048
PigLatin,0.21420681152,0.02827735776,2.4659410621199997,0.015561463660000002,0.43343630084,0.0786335891,0.35610401538,0.13665715647999999
Pike,0.63807408956,0.08607713028,7.73839344436,0.04955818498,1.3793598125200002,0.2342378693,0.6824326851400001,0.40054280444
Pip Requirements,0.43499966204000007,0.05593850252,5.14272479724,0.03168225632,0.8965198566800001,0.16624099120000002,0.46054386276000003,0.26183558795999995
Pkl,0.64161865956,0.07939040428,7.57599634436,0.04727647798,1.37463448352,0.2316181813,0.7727330761400001,0.39155873444
PlantUML,1.49052148564,0.19448862832,18.105719434839997,0.10647584762000001,3.2014195768800002,0.5647820667000001,1.51652392066,0.90589647736
Pod,0.85102076208,0.10748068104,9.983997841479999,0.06555563664,1.78943906236,0.34870120940000005,0.9857468205200001,0.5274489169200001
Pod 6,0.21177321052,0.02895047076,2.3923577801199998,0.01550601966,0.47749851884000005,0.0855904391,0.23070606138000002,0.13245141048
PogoScript,0.21323375552,0.02467012776,2.46914477312,0.01599111866,0.5133489008400001,0.0836432471,0.23032261738,0.13051018347999999
Polar,0.42497131404,0.05374587952,4.95722380724,0.03219903232,0.86502618668,0.1826691102,0.5213611197600001,0.26613291295999997
Pony,1.2803927371200001,0.16529248756,14.837614255840002,0.09243736596000002,2.71585033204,0.47751534760000003,1.52677327028,0.76058280788
Portugol,0.42638066704,0.054570799520000005,4.91626904928,0.03090709832,0.86479434168,0.15211324920000002,0.6827722577600001,0.25425554996
PostCSS,0.42688696404000004,0.054250193520000003,5.1649302832399995,0.030557503320000002,0.9123486136800001,0.15744587720000003,0.46907563676,0.26217097596
PostScript,0.64174664756,0.08255539928,7.30812291642,0.04607098598000001,1.34535504152,0.2319140073,1.08590976014,0.39379019843999996
PowerBuilder,1.2835852651200002,0.16076581556,15.47496717472,0.09464449495999999,3.1908659440400005,0.4855004216,1.4494475982800001,0.7947365068800001
PowerShell,0.8693583140800001,0.11004806204,10.34658795448,0.06305156464,1.8087377743600002,0.3288325354,1.01002554652,0.53262205792
Praat,0.6369758055600001,0.08451400928,7.98319770236,0.04720618998000001,1.30767734952,0.2375682133,0.71292281414,0.39539815344
Prisma,1.0646454606,0.1406842338,13.162732288599999,0.0794183703,2.2730278612,0.3885047995,1.2422106609,0.6479889214
Processing,0.21695464952000001,0.02790521976,2.4992477701199998,0.01573903866,0.42696385484000005,0.0790818061,0.35464585338000004,0.13105904648
Procfile,0.21225789552000002,0.02672530276,2.44809823814,0.01665906566,0.44451445784000004,0.07676755910000001,0.22808062638,0.12624537548
Proguard,0.64435713856,0.08634145528,7.416698697359999,0.04778130098,1.3490534925200002,0.2702306093,0.7376594561400001,0.40004529344
Prolog,2.1436253732000004,0.29496788760000003,25.3343325532,0.1571575146,4.6883270454,0.806698754,2.5341998068000002,1.3193385408
Promela,1.4959806636400002,0.19895801632000001,17.25714810298,0.10326185662000001,3.8372544418800003,0.5458424117,1.7330791876600002,0.90668514836
Propeller Spin,2.1411937032,0.2802331686,25.6234788262,0.1601692716,4.3675781094,0.7756669620000001,2.2758472758000003,1.3087986098
Protocol Buffer,0.21227036952,0.02649373376,2.5277903671199997,0.01537459166,0.45798530684000005,0.0732256431,0.21371928138000001,0.13310803348
Protocol Buffer Text Format,0.8607343860800001,0.11200128804000001,10.06430923648,0.06227694664,2.2736247893600003,0.3258354724,0.9021327845200001,0.52182548592
Public Key,1.51074056964,0.19067043832,17.47011595984,0.11214497662,3.2819346508800002,0.5522906787,1.6174411516600002,0.92033055836
Pug,0.43373943004000004,0.055985164520000005,4.94054474228,0.03077279032,0.90276544268,0.1725599652,0.44426583676000003,0.26810417496
Puppet,1.0736595956000001,0.1320156718,12.098489825700002,0.0768290093,2.7133451322,0.3857300925,1.2150278979000002,0.6515046084
PureBasic,0.42739153004,0.05164895552,4.948386082239999,0.03222743532,0.9146815136800001,0.1577050122,0.45181436776000006,0.26025670196
PureScript,0.8606796050800001,0.10721266904,9.97433256448,0.06399308964,1.8410085983600002,0.3030387184,0.9833129505200001,0.52749782892
Pyret,0.21316931752,0.02726380276,2.44405678814,0.01615110666,0.45037809984000005,0.08450032810000001,0.23459472338000004,0.12766721347999999
Python,4.53053208892,0.58225156396,54.47179048652,0.32566536186,9.79218399864,1.8365140481,5.193681537980001,2.76257270808
Q#,0.42970268304000003,0.05423596552,5.104423736239999,0.03193330932,0.9171908856800001,0.1609709842,0.59021949076,0.25439106796
QML,0.21475789452000002,0.02620638276,2.61635229812,0.01608251366,0.44084806084000006,0.0925304391,0.26510156438000004,0.14067767048
QMake,0.85580629608,0.10000290504,9.839981445560001,0.061630176640000006,1.81059539636,0.32769345040000003,0.9956737145200001,0.5112353939200001
Qt Script,0.42430703004000003,0.054258643520000004,5.2306506292399995,0.03202048132,0.89730012368,0.1633277352,0.45295730476000007,0.26358643696
Quake,0.42947042504,0.05479734352,4.90654037724,0.030100888320000005,0.8676034876800001,0.1532849232,0.46284626376000004,0.26206098696
QuickBASIC,0.6424622895600001,0.08821856928,7.398719050359999,0.044945339980000006,1.39713215352,0.22894449630000002,0.77529867614,0.40352774244
R,1.70971326016,0.22674429008,20.31320107796,0.12800400328,3.74665123172,0.6418492858,1.9121702640400002,1.0539718708399999
RAML,0.21286454852,0.02667002376,2.4457651601199997,0.014664609660000001,0.47434800184000003,0.08718879110000001,0.23492639138000002,0.13110243848
RBS,0.21327737252,0.02717446276,2.55323466112,0.01531135466,0.43817015784,0.0819718081,0.23733854738000001,0.13078469248
RDoc,0.21169770852,0.02832883176,2.5242412801199996,0.015524123660000002,0.43801632484,0.0940293501,0.26523129438000004,0.13115121448
REXX,0.86222886908,0.10561746604,10.07451313148,0.06290627264000001,1.82596619636,0.3564525114,0.9248738645200001,0.53654259192
RMarkdown,0.42652433404,0.04999937452,5.113862689239999,0.028599814320000003,0.9001267176800001,0.1677460882,0.45183733476000004,0.26011435695999996
RON,0.21149110652,0.026380697760000002,2.4506890981400002,0.01636556066,0.44648274184000003,0.08220544610000001,0.22162619938000003,0.12735325648
RPC,0.6526208305600001,0.08435042828,7.49245898636,0.047903138979999996,1.45281772752,0.2423895833,0.73350958314,0.39753421244
RPGLE,1.9279948876800002,0.25004552684000003,22.524112529079996,0.14671390794,4.012166944560001,0.7967831829,2.2286220094200004,1.18314373832
RPM Spec,0.64314218256,0.09389030728,7.77861597336,0.04732006198,2.06959899852,0.23349893230000002,0.68695663114,0.38987405144
RUNOFF,0.8557898540800001,0.17237501604,9.85844099656,0.06124382564,1.79920508436,0.3014302214,1.50004155152,0.51484933892
Racket,0.43225214404,0.04844156352,4.817550622280001,0.03214617032,0.90916526468,0.1670543462,0.47621752176000004,0.25367119996
Ragel,0.64145873356,0.08890230928000001,7.63144541436,0.04833729798,1.3592687945200002,0.22988769930000003,0.9851608621400001,0.44310478044
Raku,5.21577547948,0.63033330124,61.801512510879995,0.38047153884,10.67490428916,2.0272177554,3.9279668201200004,3.22186202052
Rascal,1.0704252936,0.1441799508,12.4596791106,0.0796177873,3.4043211982,0.3854640115,1.2234415269,0.6698896124
ReScript,0.21796139652000002,0.02615395676,2.56322430612,0.01693146866,0.49251980884,0.08984208710000001,0.25807215438000003,0.13333534048
Readline Config,0.21208672552000002,0.02819441176,2.4435899741400005,0.014725586660000001,0.45920124984000005,0.08173719010000001,0.22539501138,0.12755768048
Reason,1.3031267851200001,0.15280203456,15.255294756719998,0.09390482796,2.80781408004,0.47531664760000003,1.6829569612800002,0.78665889288
ReasonLIGO,0.21398874052,0.027241949760000002,2.4753459141199996,0.01579406866,0.47192457584,0.0779918671,0.25276758038,0.13082193848
Rebol,1.28539885912,0.16012573356,15.286560930719999,0.09582388296,2.77301995104,0.49758618060000004,1.2342980762800002,0.7826617298799999
Record Jar,0.21487552352,0.02862835776,2.48377307414,0.01587701166,0.45831854384000004,0.0777606161,0.22966654738000003,0.12764216448
Red,0.42925877704000004,0.04982335652,5.06653453324,0.03113994832,0.9380308906800001,0.17954774820000002,0.48485482376000005,0.26058768696
Redirect Rules,0.21313230152,0.02734043776,2.50012293714,0.01536800066,0.45483783384000004,0.08151307910000001,0.23063344938000002,0.12739043648
Regular Expression,0.85284432608,0.11043886304,9.72192041548,0.06381793964,1.80050918436,0.3468990824,0.9044410145200001,0.52467241692
RenPy,0.21269555252,0.02973560676,2.68459805512,0.01640272966,0.45369627384000005,0.07504051610000001,0.34630574438000006,0.13322430948
RenderScript,0.42458607504,0.057706137520000006,5.14055855324,0.03169862232,0.88502369368,0.1839951212,0.4827588527600001,0.26405154896
Rez,0.6454907185600001,0.07675529028,7.451267723359999,0.048832291980000005,1.39598685252,0.22911699530000001,0.8547782511400001,0.39433587744
Rich Text Format,0.42893626204,0.05702812252,4.95644484524,0.03161838632,0.9118069556800001,0.1645199542,0.45353920476000004,0.26182879196
Ring,0.85414816908,0.11414825304000001,9.87865033048,0.062454718640000004,1.7655430933600003,0.30877904640000003,0.9799966215200001,0.53406286392
Riot,0.42662008904000004,0.05460376352,4.880804234239999,0.03195351832,0.9081003566800001,0.15591141619999999,0.50491029176,0.26760729295999997
RobotFramework,0.8585842970800001,0.10554429104,10.281526933479999,0.06273161964000001,1.84527910036,0.3083063104,1.01084380852,0.53114075692
Roc,0.85415655308,0.10346435204000001,9.75073122848,0.06206198164,1.78675759936,0.34670649340000004,1.03754099452,0.52310739092
Roff,3.84210989436,0.51238324968,44.377024437500005,0.28438041688,8.46386031512,1.3946376198000001,4.12882560384,2.33254735764
Roff Manpage,2.55754926724,0.33192219012,30.340007305439997,0.19143200792,5.62771579408,0.9635129302000001,2.7234590675600003,1.60159161376
RouterOS Script,0.84683146308,0.12645280004,9.95343746448,0.06192330064,2.72071024836,0.3586199544,0.91083057952,0.53553239592
Ruby,8.40718991528,1.01687821464,98.55365980868,0.6102091697400001,18.13746469176,3.3056436929,9.586657567820001,5.10971048272
Rust,0.88030728208,0.10830287704,10.29777477448,0.06133000864,1.7825134343600002,0.3077820404,1.2251573215200002,0.52738286592
SAS,0.66011494256,0.08799529428,7.438985112359999,0.04710573698,1.2974662025200001,0.2316951043,0.9620977111400001,0.39399840544
SCSS,0.21726861852,0.03128956776,2.4758214041400004,0.01657491066,0.43754648184000006,0.0963634391,0.28387513538000003,0.13018249448
SELinux Policy,0.86406463408,0.10769438304000001,10.67410226248,0.06336576364,1.8202037823600001,0.34195996240000004,0.89911980552,0.53509888992
SMT,0.8521934330800001,0.11274765604,10.29524780748,0.06231353964,1.82942514936,0.3357896094,1.01754926652,0.52554992892
SPARQL,0.42835016904,0.052140689520000005,5.03299609524,0.029002606320000002,0.90875664968,0.15646609820000001,0.54813225876,0.26379166396
SQF,0.42935082104,0.053827205520000004,5.2521985962399995,0.03103844132,0.89287244568,0.16344395520000002,0.49364340876,0.26376896396
SQL,3.00218854928,0.42330135964,36.53388335968,0.22508722724000002,7.145971572760001,1.0764231634,3.9866136503200003,1.96046541572
SQLPL,1.29955378712,0.16510699656,15.35336097972,0.09267654796000001,2.81026008604,0.5420181436,1.47248054328,0.87794494588
SRecode Template,0.21237849552000002,0.02669475476,2.60117610412,0.01654849366,0.6853097008400001,0.0765477531,0.22690918638000002,0.13167574248
SSH Config,1.2852887051200002,0.15340289656,15.36968293372,0.09000854396,2.69517478804,0.48303133460000003,1.3575156862800002,0.78314416188
STAR,0.7085291555600001,0.08167286528,7.4877555523599995,0.046610156980000005,1.39489703952,0.2268717553,0.69793477414,0.38957134643999997
STON,1.49094880064,0.19827765232,17.633623314839998,0.11214505462,3.18532249288,0.6103371087,1.5363590336600002,0.92897094536
SWIG,0.64243608156,0.08433509028,7.300228908420001,0.045228853980000004,1.42510011852,0.2336591683,0.7174055971400001,0.38950790244
Sage,0.21281647852000002,0.028418014760000002,2.5582162171199996,0.015969557659999998,0.45855347484000003,0.0780778651,0.25089829538,0.13413333448
SaltStack,1.2876803091200002,0.15740402556,15.196587277719999,0.09138171396000001,4.092269491040001,0.46258845960000006,1.3944800022800001,0.90491207888
Sass,0.21338442452,0.02687983376,2.61303910412,0.01643608266,0.44978427684000005,0.0741217041,0.23050077738000002,0.13361476648
Scala,1.5110193086400001,0.19847637232,17.36278865984,0.11021200562000001,3.2419718108800004,0.5794851627000001,1.7721083316600001,0.91881281236
Scaml,0.21076921952,0.02530156676,2.4853344911199997,0.01505872966,0.43200120484000004,0.0773409801,0.22985839538000002,0.13747690248
Scenic,0.8514788710800001,0.11066423104,10.13648690248,0.06353669864,1.80163358736,0.2992717414,0.9506522475200001,0.5453054579200001
Scheme,0.8590082960800001,0.12762618504,10.03883560748,0.062356297639999995,2.1498638913600003,0.3499425694,0.9996603385200001,0.54073281392
Scilab,0.6396775005600001,0.08262728628,7.39875118242,0.04690713598,1.3036179945200002,0.23153747730000002,0.65172862714,0.39790105844
ShaderLab,0.64102075156,0.09317663328,7.53285664336,0.044516224980000005,2.07050367752,0.2534859343,0.7277250431400001,0.39202284643999996
Shell,11.8574753076,1.5226628368,140.0059325376,0.8610948863,24.7947699312,4.4442438335,11.497340261900002,7.2044943804
ShellCheck Config,0.21315073952000002,0.02737728176,2.5770600621199997,0.01649480666,0.43949124384000005,0.08149742310000001,0.23080030138000002,0.13116965248
ShellSession,0.63661765756,0.08512244728,7.6461093153599995,0.04703564298,1.3789282045200002,0.2614861323,0.66535836914,0.40551651544
Shen,0.6436775745600001,0.08547948628,7.428048628359999,0.04750700598,1.34117005452,0.2321295093,0.7214251211400001,0.43503170944
Sieve,2.3554647487200002,0.31004158836,27.98166577132,0.17292916926000002,5.057523559240001,0.8812463031000001,2.8539647191800004,1.43835860228
Simple File Verification,0.42696975904,0.057338414520000006,5.24601852424,0.03035961032,0.9155895996800001,0.14734927120000002,0.45572310276000005,0.27160959396
Singularity,0.21235536852,0.027804113760000002,2.4484452071400002,0.01641058066,0.45717870484,0.07617353410000001,0.22784713238,0.13233089648
Slash,0.21353935652,0.027317203760000002,2.5763341351199998,0.015234909660000002,0.43607866284,0.0764705351,0.26561499638,0.13535548448
Slice,0.64753336656,0.08053762728,7.67267036236,0.04759576398,1.34468037252,0.2284596873,0.7862329681400001,0.40822769544
Slim,0.21358586352,0.02757806576,2.5975673971199997,0.01509806066,0.45433084484,0.0962582701,0.22787160138,0.13984320548
Slint,0.66127458756,0.08109868428,7.816134435359999,0.04483197598000001,1.3498400265200001,0.25786947130000004,0.78122705514,0.41301875544
SmPL,0.21359734752,0.02596123076,2.63645442912,0.015411118660000002,0.46334022484000004,0.07650819910000001,0.23877855438000004,0.13342410348
Smali,1.49189731164,0.19486690832,17.90695837484,0.11470273562,3.26970248188,0.5413033227,1.82049099866,0.92890486136
Smalltalk,2.1584067512000003,0.3175698016,25.3930920732,0.1596565896,4.549941184400001,0.7838524840000001,2.6816298268,1.3274824008000001
Smithy,0.21650816552000002,0.02934015676,2.5668908241199997,0.014952941660000002,0.47850887084000004,0.07554123310000001,0.25210966938,0.13050375748
Snakemake,0.85890675808,0.10427742504,9.800980583560001,0.059729453640000006,1.8200949153600001,0.31400554140000003,0.8998427385200001,0.50800297192
Soong,0.21520927052,0.02730276676,2.41013378112,0.01518570766,0.44589032284,0.09346511410000001,0.23060221338000003,0.12813184248
SourcePawn,0.66432236656,0.08829056028,7.64936877936,0.04887536798,1.39411928952,0.2290334933,0.9079652651400001,0.39525504844000003
Squirrel,0.21385800352,0.02752789676,2.4130344831199997,0.015830477659999998,0.45128417884000005,0.0789973581,0.23559178438000003,0.12804488848
Stan,0.63905639156,0.08314734128000001,7.216014357420001,0.04606141498000001,1.35346082652,0.22446011130000001,0.64641715014,0.40457300344
Standard ML,1.0858930836,0.1420362978,12.924408507599999,0.0778316443,2.3089709502,0.42191979850000005,1.1306376519,0.6588403904
Starlark,2.42564341972,0.28236357136,27.058603303540004,0.17529966126000002,5.03995474124,0.9080754241000001,2.6860667471800004,1.40820572228
Stata,1.50496156664,0.17998188532,17.59719109084,0.11382875762,3.22318000488,0.5746485557000001,1.64479991966,0.91932490736
StringTemplate,0.21562427352000002,0.02937495976,2.5293317161199997,0.015431736660000002,0.47034890384000005,0.0759964731,0.23358779238000002,0.13119711948
Stylus,0.21402398252000002,0.02633192976,2.56821000212,0.015970282659999998,0.43225140984000004,0.0815032161,0.24137227238000003,0.13149357448
SubRip Text,0.21319950452,0.02775141876,2.53691143312,0.01553974166,0.45075855184,0.0768604851,0.22579682938000004,0.12724770348
SugarSS,0.21618947552,0.027376810760000002,2.4801726021199997,0.015433841660000001,0.46893817984,0.08681508310000001,0.23393692138000002,0.13159278648
SuperCollider,1.0738106536,0.1338581308,12.487958065599999,0.07676660330000001,2.3657865212,0.41977410150000005,1.3564106179000002,0.6634732074
Svelte,0.21387608252,0.02782276576,2.41775503412,0.016595599659999998,0.45765537984000004,0.0789089531,0.26945646738,0.12974734048
Sway,1.0615784976,0.1415557548,12.3105008396,0.0782358283,2.2434121292,0.38937767850000005,1.3501837479,0.6610445534
Sweave,0.42724899504,0.05407942952,4.967440655239999,0.02977134332,0.9128605726800001,0.2002791672,0.5081790367600001,0.26840180696000004
Swift,9.27634002436,1.19489729968,105.66721391402001,0.67420954238,19.223500740120002,3.4930596603,9.66699138034,5.5762239636399995
SystemVerilog,0.8569666610800001,0.11049283304,9.935102232479998,0.05971374464000001,1.84292906136,0.3329640674,1.11534090552,0.5244162719200001
TI Program,1.51389661964,0.19307817732000002,18.71512026784,0.11204556762,3.0372405378800003,0.5458999897000001,1.56629235766,0.89325756136
TL-Verilog,0.42692152204,0.050771927519999996,5.3792826392399995,0.030881700320000004,0.8878903556800001,0.1587582762,0.47086073976000004,0.26327642796
TLA,0.43656029004,0.056478155520000003,5.13055848724,0.029160054320000003,0.92155688168,0.1758999092,0.5574641367600001,0.26082030796
TOML,1.48501348364,0.19550438532,17.672585902839998,0.10992516162,3.19981418588,0.5382030777,2.01255931566,0.93382008636
TSPLIB data,0.43171967504000003,0.056188623519999994,5.10629956924,0.03175737732,0.90182835368,0.16753302520000002,0.44916945276000003,0.26167305296
TSQL,0.87142747708,0.11456880004,9.922367553479999,0.06537535863999999,1.8737605853600001,0.36120518840000004,1.0123073745200002,0.61939906992
TSV,0.64361148156,0.08109552328,7.5358905063599995,0.04813901598,1.38838650052,0.23375365130000003,0.77670676114,0.39485636144
TSX,0.86529856208,0.10927101904,9.801637276560001,0.06264931364,1.88382661236,0.37885310240000003,0.9690877405200001,0.52025162092
TXL,0.21403264252,0.02802334376,2.45924845614,0.01634042566,0.43551288984000003,0.0768075391,0.24328800638000003,0.12703768448
Tact,0.43344650104000004,0.05753942352,4.89139964624,0.03247731932,0.96744406268,0.1629644852,0.48177097976000005,0.26137265096
Talon,0.43303147904000006,0.048450191520000005,5.13497964924,0.03022547632,0.8857538356800001,0.1665800242,0.54352740976,0.26425783396
Tcl,1.4992245936400002,0.18429144532,17.21766203198,0.10281873862,3.1871123058800004,0.6138011837,1.69722315766,0.8901204923599999
Tcsh,0.22454339152,0.02849095776,2.57382648912,0.01570627866,0.46419102584000005,0.0769118461,0.41121992838000004,0.13325108048
TeX,1.5051658646400001,0.19735083232,17.806591428839997,0.11354264962,3.27494184188,0.5990281957000001,1.7711172676600002,0.97552596936
Tea,0.21358011752,0.02880694176,2.39992643012,0.015321687660000001,0.44533716184000005,0.0807070981,0.24623121138000004,0.15330737848
Terra,0.64009011456,0.09184137428,7.29605011336,0.04719210198,2.04721025152,0.2315857373,0.79117493614,0.41090249343999996
Terraform Template,0.44464454904000006,0.05292034752,4.839911256280001,0.03134265632,0.9030788026800001,0.15209902720000001,0.43110263376,0.25410166196
Texinfo,0.21175237452,0.02602130176,2.65834065012,0.01471653166,0.43392457984000005,0.0780856701,0.22253869238,0.13398539648
Text,5.569380943520001,0.73954777676,65.90132466612,0.41050908516,12.431572801840002,2.0280602856,6.516240706880001,3.4103348534799998
TextGrid,0.6435291615600001,0.07991602728,8.051243853359999,0.04588843798,1.37048956052,0.23846314130000001,0.73023593614,0.39287267844
TextMate Properties,0.21587728052000002,0.02667470576,2.41319073212,0.01567606166,0.45992750284000006,0.07819405310000001,0.23241771938000003,0.14025898848
Thrift,0.21651285352000002,0.02837131676,2.5832843341199996,0.01586271866,0.46657453684000005,0.0858918211,0.22912218838000004,0.13291802748
Toit,0.6383244825600001,0.08568118628,7.51896671736,0.04775108098,1.36780838852,0.2570049563,0.7815839411400001,0.39413522444
Turing,0.8585589920800001,0.11178587604,10.156764879479999,0.06521672364,1.8644767783600003,0.3170971734,0.98284404952,0.54060923992
Turtle,0.43009937604000004,0.049260019520000004,4.99696563224,0.03185717232,0.90994673668,0.16625543320000002,0.5255208507600001,0.26514020196
Type Language,0.42825033404,0.05909599452,5.11138373224,0.03043988932,0.87403305468,0.1517891012,0.44656620776,0.26506239796
TypeScript,1.2825492571200001,0.16632149456,15.012558602719999,0.09285640796,2.82833031004,0.5137245126000001,1.4573510522800002,0.79220059688
TypeSpec,0.42571565204000006,0.055271049520000004,5.004536853239999,0.031249618320000006,0.92200263668,0.1552295212,0.4710015927600001,0.26238860596
Typst,0.42853478104,0.051843233520000004,5.09445300824,0.029282003320000003,0.9300827036800001,0.1665966102,0.5531430247600001,0.26217361896
Unity3D Asset,1.28988749212,0.16351099056,14.895537092719998,0.09073284196,2.84585036104,0.5142814666000001,1.35937303628,0.79164761188
Unix Assembly,0.87039668108,0.13812159104,10.459853082479999,0.06613318564,1.99713789836,0.31442414640000005,0.8999704935200001,0.53117949492
Uno,0.64645354756,0.08457304328,7.934671380359999,0.04759648198,1.3058842155200001,0.23141223230000002,0.7442158671400001,0.38625521144
UnrealScript,0.42979196104,0.05141879352,5.12843404124,0.03115182432,0.91691708268,0.16880855720000001,0.52762222776,0.26317956596000003
UrWeb,0.42850161304,0.05230899152,4.90672162824,0.03149546632,0.93637735168,0.1683792292,0.47906523676,0.26584347996
V,1.9666912836800001,0.23329415784000002,22.30037952808,0.14224805394,4.13524156056,0.7162735979,2.11881508542,1.19672837032
VBA,2.1508052802,0.3073103686,25.3826683892,0.1583061296,4.7634442594,0.761234677,2.5025843398000003,1.3462761658
VBScript,0.21354309252,0.02663139576,2.4352277771199997,0.01631909866,0.46959162984,0.07753793510000001,0.23632920238000002,0.13242512048
VCL,0.42755633204,0.056800384520000004,5.10586614624,0.030977579320000004,0.8973575916800001,0.1550782672,0.48926638576000003,0.27019181496
VHDL,0.21437263352000002,0.028673505760000002,2.48907681612,0.015290284660000002,0.45123191284,0.08074705210000001,0.22183775438000003,0.13358362048
Valve Data Format,0.21259625852,0.02753470376,2.48427381012,0.016369849659999998,0.44142580884000004,0.0816482541,0.22680488438000002,0.13062164648
Velocity Template Language,0.6435477915600001,0.08207635928,7.551368074359999,0.04562053398,1.36842126452,0.2720142693,0.6844414761400001,0.39142369844
Verilog,3.03496496028,0.37189549064,35.237416542679995,0.22084094324,6.487097057760001,1.1684283074000001,3.4269074943200004,1.87657182672
Vim Help File,0.21339145452,0.02832954776,2.7120519691199996,0.01548535666,0.45674233784,0.0738054061,0.22784954438000002,0.13063315347999999
Vim Script,1.94918691968,0.23226527484,22.00786027308,0.13756581094,4.13728985056,0.7037088989,2.05219210542,1.19518335532
Vim Snippet,0.42710716304000007,0.06441344852,5.11431386824,0.03374986832,0.86954904068,0.1550829802,0.4552855477600001,0.26010789596
Visual Basic .NET,0.64652236356,0.07721287928000001,7.523709967359999,0.047557096980000005,1.3729037695200002,0.2604227153,0.68461460514,0.41183509444
Visual Basic 6.0,2.38344802572,0.33010606536000003,27.213516981540003,0.16749474726000002,5.167728808240001,0.8404979101000001,2.40165853518,1.42897541428
Volt,0.21359754752000001,0.02775937076,2.62860324512,0.015545619660000001,0.46236570984,0.08763492710000001,0.23592060938000003,0.13014471348
Vue,0.42603006904,0.051234551520000005,5.12266320224,0.030471142320000002,0.8881589296800001,0.16510263520000001,0.46455306576000005,0.27297031396
Vyper,1.0787636956000002,0.1426254488,12.613507795599999,0.0806459513,2.2628894052,0.3808112335,1.2877180989,0.6599428874
WDL,0.85322097908,0.10840470903999999,10.361230664479999,0.06099813164,1.7311714413600001,0.3313172614,1.0078246045200001,0.52507386792
WGSL,0.21410342352,0.02746997076,2.47177280414,0.015423603660000002,0.43435021384000005,0.0799981481,0.23532411538000003,0.12748920948
Wavefront Material,0.85628062108,0.10978255004000001,10.41330112548,0.06292918864000001,1.8035070153600001,0.30457856240000003,0.86800413752,0.54321877592
Wavefront Object,1.0711104956000002,0.1390103278,12.6048870846,0.0756872833,2.2676413622,0.42242649750000005,1.1458179759,0.6576366844
Web Ontology Language,0.23580702252000002,0.02788173076,2.5275786451199997,0.015309011660000002,0.47526941784000004,0.08321259710000001,0.22657390138000003,0.13141338348
WebAssembly,1.29102216212,0.16644035656,14.792540379719998,0.09546820596,2.74811694904,0.49204781560000005,1.42220962028,0.78121328288
WebAssembly Interface Type,0.21401943952000002,0.02734294176,2.43077817912,0.01528772366,0.45328537984000006,0.08141711010000001,0.22817562838000002,0.13003671648
WebIDL,0.42637948604,0.05489887352,4.84635492424,0.030851908320000003,0.8741541676800001,0.15694537120000002,0.4880274547600001,0.26189096596
WebVTT,0.63576778256,0.08177007328,7.750694103359999,0.04989060398,1.37112341052,0.24964946930000004,0.91144380114,0.39580741544
Wget Config,0.21188217852000002,0.02787827976,2.6338155881199996,0.01623917666,0.45363478084000003,0.0770385581,0.21410909738000003,0.13295185748
Whiley,0.63846630656,0.08415106628,7.74959707436,0.047741736980000005,1.36829105752,0.2297589673,0.72675806314,0.39168310244
Wikitext,0.42994598804,0.05625222952,4.95056622924,0.03173537032,0.87071700368,0.15100995620000002,0.53161157676,0.26390554596
Win32 Message File,0.21409878852,0.02969117876,2.7099643531199997,0.015128419660000001,0.47162891784000005,0.0769558561,0.22605832938000003,0.15039360948
Windows Registry Entries,0.21145538452,0.025554749760000002,2.40303067812,0.015543667660000001,0.42631778284000005,0.0758866151,0.23059651038000004,0.13652542948
Witcher Script,0.43179379004,0.05065396452,5.14321711324,0.030237314320000003,0.90943252868,0.1756463792,0.44479720476000006,0.26302726296
Wollok,0.42563809004000003,0.05667947252,5.08564870624,0.03028765032,0.9192982056800001,0.17808687620000002,0.48350695676000005,0.26649126796
World of Warcraft Addon Data,0.64199832356,0.08384687128,7.50301648436,0.04731471298,1.39993732852,0.2315173653,0.68216656314,0.44877676844000003
Wren,0.21336405952,0.02743424976,2.63441091812,0.015591376660000001,0.46189230584,0.08463563410000001,0.24617547338000004,0.13316962648
X BitMap,0.21142216952,0.02743574676,2.44674854212,0.014805718660000002,0.43558661884000005,0.0812289441,0.22525675538000003,0.13400230248
X Font Directory Index,0.8523081100800001,0.11152996204,10.31890744848,0.06405077764,1.82045758336,0.3125302314,0.9124551285200001,0.52537538692
X PixMap,0.42618716804,0.055497862519999996,5.039067408239999,0.03040592332,0.88131378368,0.1678570962,0.45569478876,0.26379887195999996
X10,3.8401675553600003,0.50389929768,45.02420412416,0.28273276288,8.136681173120001,1.4417820088000002,4.33709851884,2.39888026464
XC,0.21860856552000002,0.02563760076,2.48310303914,0.01555172566,0.45515983684000005,0.08272480110000001,0.22077466038000002,0.12697997248
XCompose,0.21311301552,0.02826081376,2.50162724412,0.015093795660000001,0.45212317684000003,0.0804947451,0.42735189938,0.13258608648
XML,15.642845068960002,2.0535545704800002,186.47928714775998,1.15635375818,35.32403213432,5.5962062243,17.440462015740003,9.58198836904
XML Property List,2.1574530532000002,0.2613958316,25.5538419142,0.1543786006,4.6319895704,0.86455411,2.2700514178000004,1.3003079058
XPages,0.42466789404000005,0.05414064452,5.3697063602399995,0.030187432320000002,0.9146136976800001,0.15359871619999999,0.46375620076,0.26270802896
XProc,0.21419069652,0.02683118276,2.45491196114,0.014733239660000001,0.43347584284,0.0770386411,0.21556533338000003,0.13421353848
XQuery,0.21292973852000002,0.02823547376,2.40282802414,0.01555136166,0.45606834584000006,0.0757047171,0.23480653038000002,0.13473766948
XS,0.21352342352,0.02788540476,2.5603441561199998,0.01654758066,0.46249017384,0.0765531691,0.25737039038000004,0.13000773048
XSLT,0.21280224052000002,0.02868333176,2.64678609612,0.01570408566,0.47005826584000004,0.0847122361,0.22790381438,0.13807014148
Xojo,1.32606343812,0.16554772556,14.698443949840001,0.09365016396,2.62565524304,0.4574087466,1.3334714032800001,0.75733870788
Xonsh,0.21486843752,0.02701553076,2.43708891512,0.014752816660000001,0.45839086684,0.0764528071,0.23595845738000001,0.12929415648
Xtend,0.43538093704,0.05627622052,4.9461572682399995,0.031531067319999995,0.9110987666800001,0.1547373062,0.47805549076000003,0.26593202996
YAML,3.42498121132,0.45116705516,39.57053879824,0.24671612856000003,6.99994442644,1.4407188346000002,4.03535376708,2.05392519668
YANG,0.21499535452000001,0.02592725376,2.52688665812,0.01639435066,0.44630004384000005,0.0757154961,0.23718369638000003,0.13314241348
YARA,0.64550658356,0.08311932928,7.704356529359999,0.04712878298,1.3664488455200001,0.2338642373,0.70206903214,0.39216006244
YASnippet,0.43679518704,0.05402875652,5.26747672824,0.029635797320000004,0.90879147268,0.1711986252,0.46849960976000005,0.26192850796
Yacc,0.21468698852,0.02699800076,2.6217615041199998,0.014745274660000002,0.47285530184,0.07971994710000001,0.26813290738,0.12943704148
Yul,0.42593616704000004,0.05496514852000001,5.17004388224,0.031053826320000002,0.9205046546800001,0.15646857520000002,0.48459334576000007,0.25593224896
ZAP,0.21487619452,0.02531582876,2.62088332712,0.014028844660000001,0.44141867684,0.08076653310000001,0.34534658038000005,0.13264524848
ZIL,0.21294780452,0.029093914760000002,2.5567217211199997,0.015400317660000001,0.46826199184000006,0.0845913581,0.73885456538,0.13164457348
Zeek,0.63671671556,0.08434345228000001,7.794602932359999,0.046447561979999996,1.36494710652,0.2430064923,0.7424037761400001,0.39787040844
ZenScript,0.21338038052,0.028311826760000002,2.46918372612,0.01452000466,0.45092551184,0.0719380371,0.23810577038000003,0.13610114948
Zephir,0.42696849604,0.05750932352,5.12110346124,0.03096677832,0.87239770468,0.1530808572,0.66095372776,0.26345641196
Zig,0.85547485508,0.10738486004,10.44106256448,0.06340297164,1.80173716536,0.3296875514,0.9577970355200001,0.52378226592
Zimpl,0.21768444052000002,0.02759442276,2.6766006601199996,0.01619132466,0.43636449984000003,0.0772322841,0.25657895938,0.12868747448
cURL Config,0.21170647752000002,0.02654803876,2.47046071612,0.015337868660000002,0.45842659384,0.0806837781,0.22268474838000002,0.13374469048
crontab,0.21366082552000001,0.02661946776,2.4508582261400003,0.01653380766,0.43914950184,0.0773947891,0.21715523038000004,0.12610428948
desktop,0.44669138004000003,0.053907594520000005,5.35273683124,0.031552054319999995,0.92419414468,0.15354337220000003,0.44575499976000005,0.26836570796000003
dircolors,0.21311720252000002,0.02657323676,2.45383646112,0.015443310660000003,0.45235829784000003,0.08084784510000001,0.22857219938000004,0.13279622348
eC,0.21382936152,0.02898697676,2.45559665612,0.01580990666,0.45295712184000003,0.0818089891,0.23301795038000003,0.13528651748
edn,0.21369751252000002,0.02773786676,2.4431396571199997,0.015510557660000002,0.43796315484000004,0.07619882310000001,0.23677646238000002,0.13494584748
fish,0.64640197556,0.08422786328000001,7.49076983036,0.047084638979999996,1.30002293052,0.2578375973,0.8057757641400001,0.40308261344
hoon,0.43685365804000004,0.049205694519999996,5.03358798824,0.02981287632,0.9880060966800001,0.1581775492,0.51091503276,0.26249588696
iCalendar,0.42801117504,0.05351821852,5.17605468024,0.030996341320000002,0.87513620768,0.1572881592,0.49046503276000003,0.26392302996
jq,0.42590720104,0.06386649952,4.84151556624,0.03234992632,1.38175616968,0.1798889022,0.5101627647600001,0.26420250796
kvlang,0.21681623752,0.02722376776,2.55665483712,0.01656392966,0.46631581584000004,0.08902271910000001,0.24982137038000002,0.13113581848
mIRC Script,0.84980099808,0.10938099304,10.33476573348,0.06131470564,1.8494712993600002,0.3139665284,0.8693825905200001,0.52485787292
mcfunction,0.21370417052000001,0.02615370576,2.5587414581199996,0.01571285766,0.45737480384,0.0806901341,0.23444324838000002,0.12957639248
nanorc,0.64304270356,0.07876805328,7.630110779359999,0.04551862898,1.33934825552,0.2573329603,0.7163182211400001,0.39685032144
omnetpp-msg,0.65459984756,0.08163433128,7.890878943359999,0.047985533979999995,1.39663648152,0.24885553230000002,0.7295976241400001,0.39462738544
omnetpp-ned,0.64629903556,0.08660628028,7.47469222236,0.046072888980000004,1.2883706835200002,0.2378811193,0.7050462441400001,0.39294066244000003
q,0.43972440004,0.05130146152,5.318783164239999,0.03224440632,0.94000916968,0.1665712812,0.52358459576,0.26644433895999997
reStructuredText,0.21429128552,0.027713843760000002,2.6347203761199998,0.01576892366,0.46056339184000006,0.0775355741,0.27218510538,0.13025005448
robots.txt,0.21348372452,0.02733245776,2.68405677712,0.01509680166,0.45775223984,0.0767605211,0.22776501038000002,0.13064447548
sed,0.21724083952,0.027565140760000002,2.4482949261400004,0.016187674659999998,0.45216827384,0.0792510931,0.25201857038000003,0.12844041647999999
templ,0.21361683452000002,0.02422535976,2.62165627012,0.014981529660000001,0.44859575984000005,0.0744545221,0.23462275838000002,0.12984416648
vCard,0.42764684004,0.051529005520000004,4.90936110128,0.02989180332,0.92763133168,0.1854240732,0.47138639176,0.25283107196
wisp,0.21268079952000002,0.02723960676,2.74835235712,0.01603919666,0.44077574584,0.0765298861,0.25867548638000004,0.13473051648
xBase,1.4107757495600002,0.07589092827999999,7.67722580036,0.04763452698,1.32770434152,0.23113512730000002,0.8156734491400001,0.39192971444
