filename,cloc,go-enry,hyperpolyglot,linguist,magika,pygments-file-content,pygments-filename
1C Enterprise,1.1808137038800002,0.15189731428000003,0.07114102672,2.37839698148,0.36871205876,1.33925747432,0.7805669454800002
2-Dimensional Array,0.39838798396,0.04848794076000001,0.024697501240000003,0.79058149016,0.12329430292000002,0.44669637244000004,0.25994256016000006
4D,0.77508882292,0.09279282352000001,0.046463546480000006,1.57648500432,0.25346952484,0.94584808988,0.5211117403200001
ABAP,0.19681617948000002,0.02318955388,0.01103530812,0.39527478858,0.06150025096,0.23920436922000002,0.13036546758000003
ABAP CDS,0.38481720096000005,0.048254490760000004,0.02408911424,0.7935371691599999,0.11825670092,0.44273132544000005,0.26101791216000003
ABNF,0.19902841548000003,0.022023019880000005,0.01207185912,0.39908660058,0.061732701960000004,0.24175520322000002,0.13067966558000002
AGS Script,0.78043565392,0.10469691052000002,0.046046929480000005,1.62366161232,0.24683456984000002,0.8913002398800001,0.5207762263200001
AIDL,0.39078168496,0.04480160376,0.02222940924,0.79330889516,0.13350316692000003,0.47124899844,0.25880202716000006
AL,0.5874270394400001,0.06826058764000001,0.03522208936,1.21909035474,0.18509935988,0.6970791846600001,0.3899317147400001
AMPL,0.39194817696000006,0.05093999376000001,0.022567232240000002,0.98792021216,0.11943632092,0.49856721344000005,0.26121604016000005
API Blueprint,0.57326976644,0.06945406164000001,0.03409245336,1.18219480474,0.18160417388,0.6674070996600001,0.3893300807400001
APL,0.58006665444,0.07226441264000001,0.03357133636,1.18102963574,0.18249639188,0.70494852666,0.3894283257400001
ASL,0.38497570896,0.04835035176000001,0.02451206924,0.79284574316,0.11893943092,0.46559501044000007,0.26067637616000006
ASN.1,0.19168649048000003,0.02247536388,0.012110376120000002,0.39058056258,0.06289368296,0.23496017722,0.12954993058000003
ASP.NET,0.7860720359200001,0.09960195552000001,0.04811543048,1.58720733432,0.25010445884,0.98485607888,0.5569985793200001
ATS,1.77444611932,0.22529720292000002,0.10608226308,3.56596283922,0.5721178436400001,2.1467206719800003,1.1703341992200003
ActionScript,0.78826222392,0.10036387052000001,0.04922382748,1.64627275532,0.24631980784000002,0.97236368888,0.52180083732
Adblock Filter List,0.9803575074,0.12684308840000003,0.0572780156,2.0698471199,0.31327278080000004,1.1135896391,0.6452916699000001
Adobe Font Metrics,0.59086625544,0.06926339964000001,0.03628162036,1.18007588174,0.18529270588000002,0.66697306866,0.3905824667400001
Agda,0.19810780448,0.023871692880000003,0.01159153512,0.39242774958,0.057290013960000004,0.23199162322000003,0.13156340258000002
Alloy,0.58727255544,0.07471052864000001,0.033842438360000004,1.18615613774,0.17908697388,0.7326306596600001,0.3949818127400001
Alpine Abuild,0.19596362648,0.022811150880000002,0.012269588120000001,0.39582962058,0.06150065296,0.22471548722,0.12857358458
Altium Designer,0.7778323949200001,0.10773693852,0.04565968848,1.59250911332,0.24454189884,0.88780453288,0.5160824183200001
AngelScript,0.39315467196000004,0.05122251976000001,0.022529778240000003,1.20498038016,0.11866278492000001,0.5061772694400001,0.2612905911600001
Ant Build System,0.19081988548,0.025342761880000002,0.01080665012,0.39610557058,0.05791771396,0.22646811922,0.13563656658000003
Antlers,0.9566024084000001,0.11671097440000001,0.057365082600000006,1.9524331169,0.3057932068,1.1583635931,0.6746136739000002
ApacheConf,0.78118086192,0.09446138852000001,0.04507398548,1.7731350483200001,0.24479167184,0.9944062568800001,0.52780975232
Apex,1.7558498173200001,0.23697331992000004,0.10091828208,5.40337247522,0.5672018146400001,2.37519542998,1.1736595542200001
Apollo Guidance Computer,0.18930892448,0.023716815880000002,0.011367678120000002,0.39808127358,0.06048382396,0.22176910122000001,0.13016388858000003
AppleScript,1.36871024036,0.16550595316000002,0.08095859784000001,2.78042386906,0.42464354172,1.57299565354,0.9252147550600001
AsciiDoc,0.59543685544,0.07740207864000001,0.03514859536000001,1.18811067374,0.18346582988000001,0.7440377826600001,0.38883871274000004
AspectJ,0.38951998696,0.04746733076000001,0.02453723724,0.78115773316,0.12381505092,0.46218100844,0.26310483516000005
Assembly,2.20128859228,0.29681774968,0.12778235832,5.452015368380001,0.6941957575600001,2.67805636742,1.4447631523800002
Astro,0.18922508648000003,0.023279043880000003,0.01121182712,0.39655864258,0.062122930959999996,0.23188193322,0.13049461158000003
Asymptote,0.38903440396,0.04886498276000001,0.02284826624,0.82898960916,0.11405011592,0.46388893644,0.26272893516000007
AutoHotkey,0.19606846948,0.026126655880000002,0.01112615012,0.39366951558,0.06045314796,0.22130703222,0.13125269658000002
Avro IDL,0.19551869548,0.025222786880000004,0.01123131712,0.39883076358,0.06993225796000001,0.22024629822000003,0.13177234458000003
Awk,0.18941501948,0.024909401880000005,0.010741083120000001,0.39102407358,0.05689318696,0.23597710122,0.13268575858
B4X,0.5880213844400001,0.06901942264000001,0.03283717436,1.24444928774,0.18218668088,0.7270923356600001,0.42320126174000006
BASIC,0.7849606559200001,0.10020667252000001,0.046997747480000004,1.6527119673200001,0.24400088884,0.9824610838800001,0.54395412032
BQN,0.39009257996,0.04734705176000001,0.02474065824,0.78640248316,0.12316956592,0.52908657944,0.26027655016000006
Ballerina,0.9817065874,0.12428933840000002,0.0574617886,1.9722143289,0.2952051798,1.1488188931,0.6493699289000001
Beef,0.59625703144,0.10340997664000001,0.03593982236,1.2525624607399999,0.18914700088000003,0.8106233996600001,0.3902562607400001
Befunge,0.9792777674,0.1264143044,0.0588958756,2.8943832019,0.3081822368,1.3874288841000002,0.6537108839000001
Berry,0.38782817696000005,0.04764301776,0.022455619240000002,0.7998216311599999,0.12116084992000001,0.47689222344000004,0.26073239116
BibTeX,0.38869790296000006,0.04573588776000001,0.02415542624,0.78287018616,0.11871665892,0.60334970744,0.26246437616000007
Bicep,0.58652456844,0.07241881764000001,0.03430546536,1.17803607874,0.18427077788000001,0.71448912866,0.38750111174000007
Bikeshed,0.39213345596000004,0.09667589976,0.02276341024,0.85134450316,0.11989152192,1.08271249444,0.25936983716000006
BitBake,1.17009207188,0.15778439828000002,0.06691596172,2.81094394148,0.36628263976000003,1.43406317132,0.7830339374800002
Blade,0.3858679889600001,0.04679554176,0.021538690240000002,0.78661083716,0.12347289192000001,0.40062093744000005,0.25986964316000005
BlitzBasic,0.58161812044,0.06838092064000001,0.035397807360000005,1.23024751474,0.19030393988000002,0.69446411166,0.3966470067400001
BlitzMax,0.20029812048,0.023914610880000003,0.01195326712,0.39386074158,0.06089043896,0.23075248422000003,0.13199737658000002
Bluespec,0.39167868396000005,0.047109345760000004,0.02399059524,0.7956443681600001,0.12286779292,0.49525866244000005,0.26120217416
Bluespec BH,0.78582548592,0.11572446852000001,0.045794647480000006,1.65893801932,0.24479674284000003,0.88816779588,0.5219546373200001
Boogie,0.58209421344,0.07210974364000002,0.033629798360000004,1.18817832874,0.18283226588,0.75805941866,0.3911949827400001
Brainfuck,0.9947497864000001,0.13879097240000002,0.05834350160000001,2.2422559539,0.3078496358,0.9271469571000001,0.6534191509000001
BrighterScript,0.5835340374400001,0.07101110464000002,0.03326500936,1.23393652074,0.18999258788000004,0.72679327766,0.3899133577400001
Brightscript,0.19761008248,0.023302399880000005,0.011116187119999999,0.39846363158,0.06172306896,0.26691898222,0.13122117558000002
Browserslist,0.39322247496000007,0.047141771760000006,0.02344511924,0.7786647021599999,0.12379635892000002,0.50054526744,0.25803956116000004
C,11.479554703840002,1.3853843380400002,0.69330017996,23.57606238164,3.5862472746800003,14.890438410760002,7.640240482640001
C#,1.7740559283200001,0.21484805992000003,0.10209692908000001,3.86012139322,0.5725737106400001,2.1093600929800003,1.2267916772200003
C++,10.8410807094,1.4017801524000002,0.6349920556,23.2639977459,3.4297042568000005,14.348040710100001,7.215918381900001
CAP CDS,0.9701775414,0.11370551740000001,0.056768032600000004,1.9582644439,0.3112079628,1.1132330761,0.6485721279000001
CIL,0.38705577696000004,0.049940554760000005,0.02426391524,0.79469672416,0.12443399892,0.50568448444,0.26013726916
CLIPS,0.39188418596,0.04819476076000001,0.02384825624,0.80061582416,0.11952955292,0.48125649244,0.25871533416000003
CMake,1.37581589636,0.16359317416000002,0.08075539384000001,2.75382075406,0.41995561172,1.60566358454,0.9256802630600002
COBOL,0.78527024592,0.10100571852000001,0.04693098448000001,1.58913209932,0.23766654784,0.89967367688,0.5223431363200001
CODEOWNERS,0.19446012748000002,0.027560901880000002,0.012127098120000002,0.39244175158,0.061350028960000004,0.25471918922000003,0.12820490758000003
CSON,0.78668285892,0.09270925652,0.04599547048,1.57880961232,0.24274085584,0.96298293788,0.52125863132
CSS,0.41173412096000006,0.04917954476000001,0.02373903424,0.83052937216,0.11826156192000001,0.41129540744000004,0.26380214116
CSV,0.19593711048,0.023471885880000005,0.010603664120000002,0.39126477158,0.057342058960000004,0.22208919722,0.13022997958000002
CUE,0.38718661996000003,0.053186896760000005,0.02153774224,1.2038497121600003,0.13919795092000004,0.50170154244,0.25991162416
CWeb,0.39327153496,0.046917070760000006,0.023573852240000002,0.83046913216,0.11982755892000001,0.5782102414400001,0.26183075616000007
Cabal Config,0.7790258319200001,0.09425373352000001,0.04686277148,1.56354190932,0.23821649384,0.89264002988,0.5216630263200002
Caddyfile,0.39578409296000006,0.04731061476000001,0.024160461240000004,0.79024325516,0.12493930092,0.46403801944,0.25966554716
Cadence,1.15760106588,0.14971996728000003,0.06751945672000001,2.36166965448,0.36760642876000005,1.3932384503200002,0.7753176204800001
Cairo,0.9819889374000002,0.11878826240000001,0.0592545396,2.0665863059,0.30743854680000005,1.3520576901,0.6507839109000001
Cairo Zero,0.9766752914000001,0.12090430040000001,0.0605308906,2.0640301689,0.29918093079999997,1.1209277381,0.6501535229000002
CameLIGO,0.19430139848000003,0.023780858880000002,0.011750621120000002,0.39676481358,0.05599757696,0.25377504322,0.12958970158000002
Carbon,0.38874210396000003,0.052283907760000005,0.02300108124,0.78903752316,0.12445631192,0.46427098844000003,0.2605002161600001
CartoCSS,0.19489849448000002,0.024983996880000005,0.01171992312,0.40768382858,0.06036074896,0.18771892222,0.12963297458000003
Ceylon,0.19665433248000003,0.023082357880000005,0.01112666012,0.39558470758,0.06100295296,0.28881256222,0.13254060158000003
Chapel,0.9916697824,0.11556890040000001,0.05882579760000001,1.9887589139,0.30187102480000005,1.2840776111,0.6492175269000001
Charity,0.19695007348000002,0.022137280880000002,0.01200916312,0.5908866005800001,0.06066329796,0.34294910322,0.12984653458000003
Checksums,3.5549659036400003,0.41699007284000006,0.21246308216,7.04635586944,1.10110520928,4.0390511919600005,2.3467079674400004
Circom,0.6006210294400001,0.07519036864,0.034578647360000006,1.17715741674,0.18638611888,0.73342893066,0.3862207847400001
Cirru,2.7551402297200003,0.34828110532000006,0.15994197968,5.50862591712,0.8727506124400001,3.19175387208,1.9232542861200004
Clarion,0.7905159999200001,0.09398101152000002,0.04647871948000001,1.57885791832,0.25874220184,1.01582825888,0.51790731432
Clarity,0.5875418374400001,0.07036021464,0.03355845536,1.19420286174,0.18697449488,0.8551102766600001,0.38890600774000006
Classic ASP,0.39279226396,0.048582174760000006,0.023400594240000003,0.79477047516,0.12337696792,0.44189769244000004,0.26088381616
Clean,1.7530473773200002,0.22541644792000004,0.10684442208,3.55018570022,0.5583939396400001,2.10027799598,1.1756970432200002
Click,0.39643812296000003,0.04538984276000001,0.02376396424,0.78363933716,0.12483335392,0.47567114644,0.26036605416
Clojure,1.9890193868000001,0.23364453380000003,0.1162192112,3.9539251598,0.6236951496,2.3613514532,1.3062342058000003
Closure Templates,0.19534437848000002,0.02275538188,0.011009366119999999,0.39986532558,0.06148587396,0.22082557022000002,0.12949920158000003
Cloud Firestore Security Rules,0.19103295348000002,0.023595156880000002,0.01115684112,0.39629167158,0.06076934196,0.21887244022000002,0.12948065258000002
CoNLL-U,0.59103253844,0.07505977064000001,0.03542281536,1.18934578074,0.18841131188000002,0.7668810486600001,0.3884350797400001
CodeQL,1.16069132388,0.13633000128000003,0.07180469072000001,2.35507129748,0.36068245876,1.38527550132,0.78417675748
CoffeeScript,1.9481723378000002,0.24905076680000005,0.1136925002,4.1509991688,0.6055087166,2.3484085582,1.3161035878000003
ColdFusion,0.19051371248,0.023834464880000003,0.011130090120000002,0.39811549258,0.058254393960000005,0.22842908522000002,0.14895326258000002
ColdFusion CFC,0.39373883096000006,0.05065564276000001,0.02130858524,0.79569073116,0.12397983692,0.44685808444,0.29989195416000003
Common Lisp,1.7675818683200002,0.20935449092000002,0.10374403408,3.62166528622,0.54584867264,2.01187518998,1.19546247322
Common Workflow Language,0.18957500148,0.023137288880000002,0.01201348612,0.39470245158,0.061875604960000004,0.21917474022000002,0.13076326658
Component Pascal,0.39302262496000007,0.04830695376000001,0.02272401224,0.9983220151600001,0.12599679892,0.44317948644000005,0.2602760551600001
Cool,0.38746767696000006,0.04524830476000001,0.02298858524,0.82765746116,0.11848077292,0.47844801444,0.27151163816
Coq,2.57702015724,0.30142768044000007,0.15406954956000002,5.36859626354,0.7886361214800001,2.88466100086,1.7128637935400002
Creole,0.19757741048000002,0.023327046880000004,0.010988150120000002,0.39025584358,0.06365794996000002,0.22834251622,0.12891212658
Crystal,0.58883014944,0.06933138764,0.03347774936,1.18405206474,0.17917111988,0.72805585466,0.39194389574000005
Csound,0.59040449344,0.06850771164000001,0.03356732336,1.20758674274,0.17567246288,0.70511926266,0.4281408337400001
Csound Document,0.57911318244,0.07025419264,0.03419980436,1.18351230174,0.18399620088000002,0.66809521066,0.42906889674000004
Csound Score,0.58578879644,0.07120722964000001,0.03665943236,1.17641249074,0.19419348388000002,0.6592103956600001,0.42872207274000007
Cuda,0.39505032096000003,0.05029850776000001,0.02404320124,0.78826859816,0.12148431392,0.51841944544,0.26362675916000006
Cue Sheet,0.39227613396000005,0.05377130176000001,0.02250427524,1.1719060051600003,0.11714266592,0.44516001944000005,0.25873040716000006
Curry,0.39370790596000005,0.04852023876,0.023728335240000002,0.79829477616,0.11882864092,0.54411520744,0.26018715916
Cycript,0.19552908448,0.02388634888,0.012319939120000001,0.39537034658,0.05722418896,0.26277509422,0.13078397058000002
Cylc,0.58671607744,0.07013929064,0.03289487036,1.17634287974,0.17714213088,0.74868672666,0.39079284674000003
Cypher,0.86443228792,0.09307273252,0.04730921048,1.57811278532,0.24744450984000002,0.98663656588,0.5220344383200001
D,1.7782786453200001,0.20450167992000004,0.10435884908000001,3.6903555302199997,0.5552572156400001,2.0655155719800002,1.17335188922
D2,0.39531048196000007,0.05159619976,0.023836168240000004,0.79035254016,0.12574964592,0.47239323144,0.25765304616000007
DIGITAL Command Language,0.7811945649200001,0.09437454552000002,0.04534714648,1.59231356232,0.24971427784000003,0.89224612188,0.5210485143200001
DM,0.19461084848000001,0.022170017880000004,0.01245221412,0.39516070758,0.06207654896,0.25554015122,0.13092425158
DNS Zone,0.39260147096000003,0.050912026760000006,0.02454136024,0.79566440216,0.11860869392000001,0.43896172844000003,0.25926544616
DTrace,0.58883540444,0.07214514164000001,0.03446779436,1.21361229374,0.19397315488000003,0.84230948366,0.3912290597400001
Dafny,0.39363756296,0.04551381276000001,0.02465474624,0.78764262916,0.12608580092000002,0.48059395244,0.26942622416000006
Dart,0.19215246848,0.026023284880000004,0.01117264812,0.38804059258,0.05942551196,0.23250748122,0.13201104058000002
DataWeave,0.9777349714000001,0.11866882440000001,0.056467331600000004,1.9596856479,0.3039418118,1.2108009211000001,0.6507790519000001
Debian Package Control File,0.38704412096000007,0.04620086176,0.022558056240000002,1.16531420516,0.13351285792,0.44959489444,0.26029451716000007
DenizenScript,0.40332649496000006,0.05266621676000001,0.023678860240000002,1.1952113931600001,0.12167903592000001,0.55999048744,0.25922052016
Dhall,0.38527633696,0.04571451076000001,0.023452368240000004,0.78827634316,0.12220041392,0.47749816744,0.25932057716
Diff,0.19617876548000002,0.022857152880000002,0.012130394120000002,0.39056188258,0.06062328596,0.15496030122,0.13145797558000002
DirectX 3D File,0.19681686548000002,0.024543773880000005,0.011260534120000002,0.41495113358,0.05733104996,0.22584445422000002,0.13150122758000002
Dockerfile,0.39703423796000004,0.04577412276000001,0.02420585324,0.78445662716,0.11888229992,0.46264493744,0.26404534916
Dogescript,0.19437405648,0.026202361880000004,0.012446725120000002,0.39158057758,0.05987995796,0.22765311722,0.12938477958000003
Dotenv,2.7480582197200003,0.33745464632000005,0.16509541268,5.51150991612,0.87934585744,3.1837616420800003,1.8196510401200003
Dune,0.19387553148,0.024190440880000004,0.010342352120000002,0.38998201358,0.06007334196,0.24564126722000001,0.12857279458
E,1.35605475936,0.16950732816000003,0.08322607384,2.87967847306,0.42734291072,1.73952699254,0.9135308590600002
E-mail,0.19957939548,0.023233326880000002,0.01214025412,0.39497180558,0.06100839996,0.22674026722,0.13106636058
EBNF,0.77485419892,0.10129219552000002,0.04621574648,1.57447212032,0.23312578784000001,1.1132830928800002,0.5847651593200001
ECL,0.19967601948000002,0.023942905880000004,0.011039564120000001,0.41586060058,0.06142122196,0.22767977122000002,0.13133739358000002
ECLiPSe,0.19508682948,0.022292850880000003,0.01135981312,0.40828330258,0.06271984096000001,0.23200006022000003,0.13054154358000003
EJS,0.9847447754,0.11570603840000002,0.0585024706,1.9776040719,0.2997531978,1.2218414771,0.6540228399000001
EQ,0.5912376204400001,0.07127373464,0.03681613936,1.19072672074,0.18446722788000003,0.71383369066,0.3872972147400001
Eagle,0.40537596696,0.13173443776000002,0.027771693240000003,1.22656703116,0.12666023192,0.67221252544,0.26168787916
Earthly,0.19474067148000002,0.023618904880000003,0.010826211120000002,0.39286642258,0.062445806959999996,0.27869791922000003,0.12968260858000003
Easybuild,0.19381274648000002,0.022174659880000003,0.01220143312,0.38923400358,0.06316018196,0.24719844022,0.12917055958
Ecmarkup,0.19695331848,0.024756202880000005,0.012135469119999999,0.41723848958,0.06118142296,0.26802312422,0.13745761958000002
Edge,0.19651770148,0.024606382880000003,0.011882641120000002,0.39703273158,0.062053468960000004,0.20775941822000002,0.12933853458000003
EdgeQL,0.38238522696000005,0.04744652676000001,0.02378199324,0.78649703616,0.12331540892000001,0.45823803644000005,0.25778985916
EditorConfig,0.58114587444,0.06926826864,0.034729778360000005,1.18015428274,0.18870543588,0.6924000826600001,0.39415874474000007
Edje Data Collection,0.19949030448000002,0.022643986880000005,0.01095520112,0.40772818958,0.06286228896000001,0.22446998422,0.12928477158
Eiffel,1.37204846036,0.16532617316000003,0.08075458284,2.87296773506,0.43155444472000004,1.7819445125400002,0.9088934050600002
Elixir,1.16363041788,0.15000029628000003,0.06889197672,2.44743387148,0.36304184776000004,1.62113139332,0.7863061204800001
Elm,0.58879003744,0.07398187164,0.03546671136,1.18329428274,0.18142774688000002,0.78335144866,0.39114538474000005
Elvish,0.19176244148000002,0.023408596880000004,0.01212256012,0.40151503358,0.06212700796,0.27001923622,0.12975601958000002
Emacs Lisp,2.13339622128,0.26198612068000005,0.12883411232,4.32736628238,0.7123684435600001,2.43743345542,1.4486307273800003
EmberScript,0.19467504748,0.032221867880000005,0.011887864120000001,0.39489538558,0.07046732396000001,0.23272603822000001,0.12879141558
Erlang,3.1177792486800002,0.37760412008000005,0.18733315792,6.35067794228,0.9961429633600001,3.71739938252,2.08599822228
Euphoria,1.9820283008000001,0.24944630280000002,0.1170550652,4.1620647468000005,0.6107329746000001,2.5964945752,1.3053016148000003
F#,1.5841852148400002,0.18546952904000003,0.09068759296000001,3.2834348116400003,0.48826100568,1.88421695476,1.1136821046400003
FIGlet Font,0.18904163748000002,0.021885054880000004,0.012066741120000002,0.39872781458,0.06749879196000001,0.22145812122,0.12961293858000003
FIRRTL,0.39017911996,0.04827934576000001,0.02334608824,0.7867831171599999,0.12431308292000001,0.48606323244000005,0.26096389916000007
FLUX,0.78517398492,0.09474853652000001,0.04254643348000001,2.37611474532,0.24404027484000002,0.92799679088,0.5180656183200001
Fantom,0.38855312796,0.04916398376000001,0.02366874624,0.78133247516,0.11881919692000001,0.46091601544000005,0.26229850716
Faust,0.39542146196000005,0.04801214376000001,0.02358178624,0.81657760516,0.12451438792,0.48574980344000007,0.26035563916000004
Fennel,0.39633830196000003,0.04930547276000001,0.02210193124,0.7986047761599999,0.13144761492,0.49951791444000004,0.27070453016000007
Filebench WML,0.19376489248,0.02407685488,0.01144854012,0.40762930258,0.06086844896,0.21965490822,0.13089668158
Filterscript,0.39097296196000003,0.049441792760000006,0.02176635924,0.83364551316,0.12303690092,0.45342223444,0.27881130716
Fluent,0.9862612324000001,0.11840490340000001,0.0605836546,2.0522714869,0.30267158180000003,1.2819390921,0.6517049489000001
Formatted,0.60934875144,0.18157678864,0.035950188359999996,1.62993682374,0.17835518888000002,1.7635312226600002,0.39905014674000006
Forth,3.13548117968,0.37247699208000007,0.18234045792,6.39355962328,0.98188106636,4.053219818520001,2.0914929192800003
Fortran,0.9683579934000001,0.11652306540000001,0.060905998600000004,2.0465594279,0.3228923918,1.1237387901,0.6511893929000001
FreeBASIC,0.7878393019200001,0.09376808352000002,0.044804138480000005,1.61980380432,0.24537318984,0.9658307068800001,0.5527612013200001
FreeMarker,0.40120281596,0.048092604760000005,0.02169577224,0.81582647016,0.12250029392,0.45520792144,0.26050086516000004
Frege,0.7903724429200001,0.10252909452000002,0.046811206480000006,1.6572802313200001,0.24659277584000003,0.98603342988,0.5196271093200001
Fstar,0.5896765584400001,0.06789297164000001,0.03513461736,1.18993451374,0.18250789588,0.74726115066,0.39345584674000006
Futhark,0.19712887348000002,0.022653806880000002,0.01087300012,0.39588043858,0.06114772796,0.23678578422000002,0.12987463158
G-code,0.59834377444,0.07620875064000002,0.036177811360000006,1.21596486474,0.18541277088,0.73453563166,0.42680914974000006
GAML,1.1753195228800002,0.15411564328000002,0.06919660672,2.37684773748,0.36965264776,1.67378196132,0.7823331794800001
GAMS,0.19204851048000002,0.025391485880000002,0.01228475612,0.39472987858,0.06160075796,0.23358560822000002,0.12967491558000002
GAP,1.7791276593200003,0.23008016192000003,0.10156845208000001,3.68140718522,0.53952820964,2.07089733698,1.1929887292200003
GCC Machine Description,0.22434779348000003,0.03710472288,0.014350077120000002,0.42689139958,0.06376850496000001,0.22589640322,0.14703681158
GDB,0.39564154496000004,0.049545290760000006,0.02367152924,0.79494571516,0.11957462492000001,0.47790322744,0.25925211116
GDScript,0.7852861949200001,0.09442827252000001,0.04563459448,1.64763519732,0.24930397284000003,0.69122372188,0.5262129793200001
GEDCOM,0.19486959748000002,0.023199502880000004,0.010802006119999999,0.44436285758,0.06121228996,0.47991041222,0.13017057958000003
GLSL,3.9290902766,0.47959601460000006,0.23154086740000002,8.735363876600001,1.2229451402,4.942877832400001,2.6051113496000005
GN,2.1494971462800003,0.25633932568000006,0.12461324032000001,4.40982783938,0.66885017156,3.23585485242,1.4335763733800002
GSC,1.1839981218800002,0.15053604728000003,0.06922843072,2.38486580848,0.37093546276,1.5351455073200002,0.7824356604800001
Game Maker Language,2.15595341828,0.28327231968000005,0.12837812032,4.57962742738,0.68243281856,2.44621475542,1.43168553938
Gemfile.lock,0.19519041248000002,0.023612525880000002,0.01195730612,0.39573748858,0.06252100196,0.26140784522,0.12962202958000002
Gemini,0.19732117348,0.023339990880000005,0.01155109612,0.39680143458,0.06108038096,0.25489042122,0.12909021158000003
Genero 4gl,0.59090944844,0.06945664964,0.03347104636,1.18178701674,0.18647358188000002,0.66750289266,0.39042979574000003
Genero per,0.19643227148,0.024306656880000003,0.01050686512,0.39492922858,0.06149392396,0.22035655522,0.12975139758
Genie,0.7799610879200001,0.09428853452000002,0.045941231480000004,1.9731127533200001,0.25149584484000004,0.9184850788800001,0.5311013223200001
Gerber Image,3.5053498716400004,0.46450771584000006,0.21296364816000002,7.22392449944,1.10587956128,3.9937141529600004,2.3382331264400005
Gherkin,0.38829645796,0.04495865576000001,0.02332112324,0.79006790716,0.12578955192000002,0.45559090044000006,0.26254029616
Git Attributes,0.19064687648,0.024510283880000004,0.01204788612,0.39502215458,0.06110221296,0.22101044222000002,0.13024955058
Git Config,0.57732312444,0.07101284164000002,0.033389102360000006,1.18698109574,0.18798296188000002,0.67319308066,0.39071744174000006
Git Revision List,0.19610695748,0.022679900880000003,0.012040633120000001,0.39547945958,0.06111266196,0.21950994022,0.12996263858
Gleam,0.39010051296000003,0.05034348776000001,0.023796096239999998,0.7974750321599999,0.13039728692000002,0.46084805644000004,0.25964775216
Glimmer JS,0.38811585496,0.047544815760000005,0.02242956224,0.7853646641600001,0.11778132192,0.44958453644,0.26012645016
Glimmer TS,0.38922700896000006,0.048722548760000005,0.022426749240000002,0.83194857216,0.12080782092,0.44945284544,0.26008787616000006
Glyph Bitmap Distribution Format,0.19516698148,0.024044697880000004,0.01175254512,0.40422977958,0.05829726996,0.22083406322000002,0.12975413358000001
Gnuplot,1.5968477728400001,0.18748380704,0.09347258796,3.36357367964,0.46677431168,1.8205723097600002,1.0430060116400002
Go,0.80005109892,0.09510230152000002,0.047457273480000006,1.6084883583199998,0.24353913384,1.28757536188,0.5213418573200002
Go Checksums,0.39482956496,0.04834332376,0.022012007240000003,0.7992507921600001,0.12460899292,0.44602991944000003,0.25936101316000004
Go Module,0.19056330848000003,0.024797641880000002,0.011771610120000001,0.39062810158,0.06462853796000001,0.22587118622000002,0.12931884658
Go Workspace,0.19533421448000002,0.025092430880000002,0.012150678120000001,0.40318243257999997,0.061578396960000004,0.22389540622,0.13027278958000002
Godot Resource,0.9871271814,0.12107995640000002,0.0573010896,1.9649590699,0.3095832288,1.1128575111,0.6450964309000001
Golo,5.282368287960001,0.6272135577600001,0.30607725824000004,10.63977609766,1.6480963079200002,6.26352378094,3.5828110546600005
Gosu,0.9809001094,0.11765016340000001,0.0567370386,2.1901355409,0.30786258780000003,1.1770159391,0.6645205729000001
Grace,0.39360863796,0.04842528176000001,0.02330893324,0.79451988616,0.12284587292,0.47935262144,0.2614114591600001
Gradle,0.39688335096000005,0.04860137576000001,0.024246086240000003,0.79044822916,0.11977904691999999,0.45366962244000003,0.26691803616000004
Gradle Kotlin DSL,0.19853882348000002,0.022154906880000002,0.01125276712,0.39884239558,0.06384533996000001,0.22028719922,0.13380697558000001
Grammatical Framework,8.017076516680001,0.9676057530800002,0.47722386092,16.16022008678,2.50154506736,9.12006111502,5.318213686780001
Graph Modeling Language,0.5974226434400001,0.07332304964000001,0.033405554360000006,1.22139644874,0.18441554088,0.6674877746600001,0.39013705774000007
GraphQL,0.7822471509200001,0.09503983852,0.04583801748,1.58600776732,0.25641640084,1.24535079788,0.5197956303200001
Graphviz (DOT),0.39116645796000005,0.04712555376000001,0.02193571624,0.79154462216,0.12477901092000002,0.43974122044,0.26116223716000003
Groovy,1.17695408288,0.15502569928,0.07136930272,2.35838116448,0.37673864276,1.24531504432,0.7772747514800001
Groovy Server Pages,0.77934933392,0.09377805852000001,0.04739913048,1.57614055632,0.24878108784000003,0.88867164888,0.5298785693200001
HAProxy,0.7862359889200001,0.09719311752000001,0.04540911448,2.17269240332,0.25259105584,0.92673427088,0.53265899232
HCL,1.16342395488,0.14125541928000002,0.07317141672,2.56507390948,0.37197782476,1.4190257913200002,0.7925257034800002
HLSL,0.9820343724,0.12035470040000001,0.0571779576,2.5864601359000003,0.3013746778,1.2640946001,0.6486883539000001
HOCON,0.78794887292,0.09669749852000001,0.046964340480000005,1.57964366832,0.25724587084,0.9486560798800001,0.5181160843200001
HTML,1.56780184584,0.18684913504000003,0.09277369196000002,3.57053732864,0.49112913368,1.97288145576,1.0651540346400001
HTML+ECR,0.19130384948,0.024605940880000003,0.011769468120000001,0.39690673158,0.06132101496,0.24079200622000002,0.12902419958000003
HTML+EEX,0.58084015544,0.07007899264,0.03528408836000001,1.1827277617399998,0.17874156388,0.7364127116600001,0.39100097074000006
HTML+ERB,0.58131082444,0.06826353964000001,0.03558469936,1.1887805067400001,0.18139404888,0.73199883566,0.4099982497400001
HTML+Razor,0.40223076496000004,0.045614348760000006,0.02427849324,0.78455438616,0.12285866892,0.45614953444000006,0.25928368016000003
HXML,0.39170736096000003,0.04663311576000001,0.02278063924,0.78536154616,0.12608091592,0.45406385644,0.26191869316000005
Hack,5.902225260400001,0.7023088074000001,0.36043120160000003,12.2662389604,1.8593364348,7.4216431816,3.9595997694000005
Haml,0.39027202096,0.04513136276,0.02432928324,0.78339709016,0.12276202992,0.46641876644,0.26673107716000005
Handlebars,0.39169406796000006,0.04637739276000001,0.023646704240000004,0.79138721616,0.12075096192000001,0.45388678344,0.29684053016
Hare,0.59701525044,0.07116901164,0.03639988436,1.19147513374,0.19184709788,0.76416055266,0.3932734577400001
Haskell,0.9753375074,0.11713100840000001,0.0571467136,1.9737882239000002,0.2997801628,1.1617136211,0.6567324639000001
HiveQL,0.39302021896000006,0.05174308576,0.02247517224,0.79346143416,0.12876633492,0.45353128944,0.2600001671600001
HolyC,0.9727656314,0.12599533640000002,0.055696168600000005,1.9713718699,0.3101937398,1.4202095291,0.6497811439000001
Hosts File,0.39105966296000005,0.04648790676,0.024043569240000003,0.9901628651600001,0.11890948392,0.44532076644000007,0.25878748216
Hy,0.58829593144,0.06906739964000001,0.03451118336,1.18846015174,0.18007579088,0.69355463866,0.39661740174000004
HyPhy,1.7482953838400002,0.19148433404000004,0.09636515996,3.33901753664,0.49673751468000005,2.60632359076,1.04724943464
IDL,0.9843734354000001,0.11870518740000001,0.1011822686,2.0442841389,0.3074463068,1.1997548861,0.6567326689000001
IGOR Pro,0.5901111054400001,0.07453016064000001,0.03620192736,1.1892004757399999,0.18510016388,0.6699291056600001,0.39013574374000004
INI,3.3397497461600003,0.39863815296000005,0.19716007504,7.15270200586,1.06138528732,4.05947920174,2.2227795658600003
Idris,0.19447587648,0.02316888288,0.01141958912,0.39582970958,0.07115956096,0.25326977722,0.13120062558
Ignore List,4.10811800208,0.48906316148000006,0.24491828552,8.24067222118,1.27756857416,4.66514728762,2.7386441901800005
ImageJ Macro,0.39358244796,0.05203002176,0.02155311324,0.78332516716,0.11529316692,0.44236591144000004,0.26115240916000004
Imba,0.19101774048,0.022556863880000003,0.01172899312,0.39032009958,0.05639124996,0.23237855422,0.12878578458
Inform 7,0.39321449896000005,0.04810466576000001,0.02257633224,0.79288765916,0.12529723692,0.44570062044000003,0.26352017716000004
Ink,0.9793917034,0.11757088840000002,0.059002454600000004,1.9745423709,0.3006649938,1.3426895981000002,0.6519882939000001
Inno Setup,0.39823045896000003,0.04689860976000001,0.02294057824,0.79643433116,0.12655558592000002,0.44650021344,0.2624650271600001
Ioke,0.18905457148000002,0.025498994880000004,0.01198718712,0.39515530358,0.05786725596,0.22225161522,0.13159670958000003
Isabelle,0.19659206148000002,0.025439338880000002,0.010746348119999999,0.39816929658,0.062168781959999996,0.23820603922000003,0.13152325258000003
Isabelle ROOT,0.19611445248,0.023944963880000003,0.012321646120000002,0.41035134758,0.05970416596,0.22584142522,0.12982886758
J,0.39120104696,0.04958327876,0.024696163240000003,0.79750044416,0.11811171392,0.45894504344000003,0.25975222016000005
JAR Manifest,0.19649605148000002,0.024258037880000003,0.012077570120000002,0.39153642158,0.061795938960000005,0.22086692122,0.13115718058000003
JCL,0.5902072124400001,0.06882935464,0.035442737360000004,1.18329609474,0.18885224188,0.50039326166,0.40099461174000006
JFlex,0.39404835796000004,0.046418901760000006,0.02509396324,0.79053717116,0.11860745292000001,0.4836753744400001,0.26086361316000006
JSON,7.050349711280001,0.8480817796800001,0.42426862032,14.23315185188,2.23065990456,8.647327500920001,4.69494023188
JSON with Comments,5.26885302096,0.6367919417600001,0.31022739224,10.64650655466,1.65611814092,5.98322108594,3.5009217926600007
JSON5,0.39994257196000005,0.045497575760000006,0.02261256924,0.78749650516,0.12219592292,0.57160351444,0.2612674421600001
JSONLD,0.19648388948,0.024532905880000004,0.01236392712,0.39363363458,0.06141666596,0.22360237922,0.13011626758000003
JSONiq,0.39173823496000004,0.04892577976000001,0.02130455424,1.1659441361600003,0.12351577592000001,0.45874126444,0.25843836016000005
Janet,0.58861778844,0.06988785364000001,0.03479446636,1.17706221074,0.19621919588,0.7060592826600001,0.40507688474000003
Jasmin,1.5652686558400002,0.19343463804000002,0.09440616996000001,4.775151128640001,0.48314163068000004,1.52087457376,1.0723995426400001
Java,2.1763265562800003,0.26096842868000003,0.12929720832000002,4.41434707438,0.66285851056,2.75658772042,1.4604819813800003
Java Properties,0.39143873696000003,0.04783592976000001,0.02170957524,0.8212316801599999,0.12189844492000002,0.43972084644000003,0.26921687216
Java Template Engine,0.19068612248000003,0.02163561988,0.01087143312,0.39050557758,0.062055917960000005,0.22046557722000001,0.12932352258000002
JavaScript,7.910828744200001,0.9776115602000002,0.4667687788,16.6843156992,2.4543425964,10.988750729800001,5.264369481200001
JavaScript+ERB,0.19710018948000002,0.023300400880000002,0.012088757120000002,0.40269298758,0.060582663960000005,0.24565939522000002,0.13049942858000002
Jest Snapshot,0.19593511148,0.025123946880000005,0.01190220912,0.39650074258,0.06329493296000001,0.21965010522,0.12945979658
JetBrains MPS,0.5839963274400001,0.07014050564000002,0.034670298360000004,1.18725725574,0.18542023188,0.6611355976600001,0.39052921874
Jinja,0.39185401696,0.04822358276000001,0.02243988724,0.79037381016,0.12809034192000002,0.46264457244,0.25982122916000006
Jison,0.57837051344,0.06844580264000001,0.03590741036,1.18145125874,0.19032487888000002,0.7156884436600001,0.38728441974000005
Jison Lex,0.39607697396,0.05040382176000001,0.02381297724,0.7901490841600001,0.12414097992,0.44260732244,0.26064014816000003
Jolie,0.9754699694000001,0.11604792940000001,0.0579065676,1.9682991908999998,0.3052095278,1.2121007331,0.6470300439000001
Jsonnet,0.19448771148000002,0.023698839880000003,0.011862479120000002,0.39676848858,0.06210687296,0.22972345222,0.12945777458000002
Julia,0.40577713396000004,0.043329545760000004,0.02188153824,0.7848288141599999,0.12252731592,0.6076253224400001,0.26189899916000003
Jupyter Notebook,0.19568422148,0.023051203880000003,0.01152414212,0.40313438958,0.06173626496,0.22103655922,0.13102054158
Just,0.39220150096000006,0.047114839760000006,0.023794841240000003,0.78713270316,0.12829345292,0.47393888344,0.25703673516000003
KRL,0.19689462848000003,0.024647703880000003,0.010471781119999999,0.39259567858,0.06246432096000001,0.22187548022,0.12970228958000002
Kaitai Struct,0.38775226696000004,0.04520287676000001,0.022866964240000003,0.7886113501600001,0.12356317992,0.44348839444,0.26124052516000007
KakouneScript,0.5875792064400001,0.06894680664000001,0.034956077360000004,1.18474223274,0.18561761288,0.75844404666,0.38967530074000006
KerboScript,0.58430369544,0.07034365664,0.034486911360000004,1.76029344774,0.17405671088,0.6994828526600001,0.3908686907400001
KiCad Layout,3.1063837386800004,0.40564491108000006,0.18309928592000002,6.33506568028,0.99835743336,3.5651817575200004,2.07396153628
KiCad Legacy Layout,0.19744173648000002,0.09603825388000001,0.013089721120000002,0.6200280155800001,0.057386314960000004,0.22360680422,0.12885516958
KiCad Schematic,1.37113862636,0.20231776116000003,0.08032011284,3.9656884790600007,0.42980252272,1.56260066154,0.9111553180600002
Kickstart,0.58768414644,0.06915696764000001,0.03379752136,1.8059984607400001,0.18976468988,0.7368864456600001,0.3897918127400001
Kit,0.18940205848000002,0.026312662880000004,0.01222357512,0.39756958658,0.061178203960000004,0.22884562222000002,0.13038054058
Kotlin,0.19673412748000002,0.023912251880000002,0.013319030120000002,0.39131321658,0.058990303960000004,0.24107212022000002,0.13306182258000002
Kusto,0.77924262692,0.09287971852000002,0.046594193480000004,1.63562699432,0.25469205284,0.97405396288,0.52398120132
LFE,0.7839536249200001,0.09159014852000001,0.046065940480000005,1.57286182732,0.24299873384,0.95001848588,0.5191532113200001
LOLCODE,0.19462290348000003,0.024713123880000003,0.01124764512,0.39901814158,0.062283850960000005,0.31004431422,0.13073361558000002
LSL,0.39029600296,0.045244070760000005,0.02277006924,0.79197300816,0.11849456592,0.45794953544000006,0.26347908616000004
LTspice Symbol,0.19036684648000002,0.021967972880000002,0.01171376512,0.41458222158,0.06259631396000001,0.22062265622000002,0.13152940958000003
LabVIEW,2.17336006328,0.25478837868000004,0.12564850532000002,4.35017747038,0.66741580056,2.48621994342,1.4227484653800002
Lark,0.58502405844,0.07021208764,0.03410704136,1.18563615074,0.19139518888,0.69870122366,0.3919035827400001
Lasso,0.59589344244,0.07071449864000001,0.03550509736,1.2247697287400001,0.18411692588,1.35983148666,0.39232428174000006
Latte,0.39492395296000005,0.04635837676000001,0.02260248224,0.79068960516,0.12248183592,0.49203624544,0.2593268791600001
Lean,0.39377343996,0.04586046576000001,0.02269825124,0.81027334116,0.12102225792,0.46344710944,0.25953236416000003
Lean 4,0.20272324448,0.023561008880000005,0.011120809120000002,0.41171449758,0.06290935096000001,0.22140215422,0.12922730258
Less,0.19533849348000001,0.022881716880000003,0.010957092120000001,0.38973167858,0.06150811296,0.29647653922,0.12992061158
Lex,0.39362887196,0.047382993760000006,0.024038447240000003,0.81729252216,0.12355640592,0.49313849744000005,0.26186976316000005
LigoLANG,0.20022287648,0.022749385880000004,0.01083684112,0.39615496658,0.06098294696,0.23056534522000002,0.13113612558
Limbo,0.5865075994400001,0.06916572464000001,0.035505195360000005,1.57302886374,0.18495556988,0.67644817966,0.41573780474000005
Linker Script,0.7864928469200001,0.10629979752000002,0.04718811848,1.59516746032,0.24688835184000002,0.8873034228800001,0.5197542183200001
Linux Kernel Module,0.59325742244,0.07302584764000002,0.034725372360000006,1.7457548977400004,0.18677425588000002,0.66990573166,0.39217998274000004
Liquid,0.39347684596,0.046157735760000006,0.02300537424,0.7916701931600001,0.12500373892,0.46335313244000004,0.2993781521600001
Literate Agda,0.19832968448000002,0.025844318880000005,0.01090247212,0.39239357858,0.06853763796000001,0.22446342022000002,0.13154251258000002
Literate CoffeeScript,0.39352619796000005,0.04499864876000001,0.022891304240000004,0.78524436816,0.12091071991999999,0.44484255344,0.27516758116000006
LiveCode Script,0.7882638979200001,0.09447085152000001,0.046977365480000005,1.57045346332,0.25263934584000003,0.8839869578800001,0.51944648532
LiveScript,0.19621595148,0.023426900880000004,0.011006723119999999,0.40855844358,0.06133045396,0.22846915322000003,0.13056531058
Logos,0.9696167664,0.11561845940000001,0.0596122406,2.2037585979000003,0.2981888978,1.0372787981,0.6597352619000001
Logtalk,0.21075252948,0.022257480880000003,0.01093051812,0.40086743558,0.05732190896,0.18620763522,0.13189452158
LookML,0.58854634644,0.06947231564,0.034122205360000005,1.18638380174,0.18780381388,0.6882023766600001,0.39189253674
LoomScript,0.39170680296000004,0.05037407576000001,0.024472177240000004,0.82031596716,0.11834627692000001,0.46445152344,0.26378295216000003
Lua,1.3846118413600002,0.16037551516,0.07977374584000001,2.75705503406,0.43961505372000004,1.6718969915400002,0.9089148270600002
Luau,0.9891896794000001,0.11551626540000001,0.0577946146,1.9957499759,0.31348512580000004,1.3056520381,0.6620379169000001
M,5.742208590920001,0.6788078115200001,0.33271815548,13.33923636582,1.81015415484,7.42276130638,4.455708281820001
M4,0.9834644014,0.12403458540000001,0.05592701060000001,2.0578367209,0.2991103988,1.1369772841,0.6673041309000001
M4Sugar,0.58854595144,0.06795975064000001,0.03528978436000001,1.22385998274,0.18937835188000002,0.76535778866,0.38795751274000007
MATLAB,7.684959993720001,0.9426915263200001,0.46192628168,16.53680026762,2.40460657244,11.57716352858,5.998858375620001
MAXScript,0.9701233074000001,0.11496573040000002,0.0560590126,2.0077287659,0.2951412848,1.1802886191000002,0.6586934559000002
MDX,0.19725989748,0.022594603880000005,0.01189217712,0.39255186058,0.06281318696,0.23427853622,0.13106255258000002
MLIR,0.78227073292,0.09425389852000002,0.04734251548,1.57596072932,0.24420834984,1.15389548988,0.5172584613200001
MQL4,0.57869610144,0.07427306964000001,0.03546342436,1.3868537007400001,0.19668733988000003,0.92890570366,0.39726595874000004
MQL5,0.58882535544,0.11430328064,0.034653202359999996,1.38748206074,0.19199838488000004,0.7591318126600001,0.39529217374000003
MTML,0.19741036848000001,0.02329928188,0.01221094012,0.39876156658,0.06203161496,0.22432762322000002,0.12925486158000002
MUF,0.40104080196,0.052654067760000006,0.02389180724,0.82442577316,0.11855167892,0.48981199444,0.28361460016000006
Macaulay2,0.19734710548,0.022907476880000003,0.011839403120000001,0.40197721158,0.06139790596,0.26212624422,0.13045087958
Makefile,2.3833837307600003,0.28663369256000004,0.14389467844,4.72894241496,0.74746367252,2.93210041764,1.5990014309600002
Markdown,1.9702113398,0.25254011280000005,0.1189615272,4.0194074558,0.6193663346,2.6531996152,1.3349185938
Marko,0.5817322124400001,0.07004462464000001,0.034613182359999994,1.18357809774,0.18523719387999998,0.68179511266,0.38838898074000006
Mask,0.18957413548000002,0.023966060880000004,0.01198344812,0.59023166658,0.06276941396,0.25336359222,0.13299089658000002
Mathematica,2.3445327547600003,0.32287585256000007,0.14491151444,5.377407922960001,0.74435330452,3.21997778264,1.6817623829600004
Maven POM,0.19838491848,0.02428425488,0.01220065512,0.39901711658,0.05696359696,0.22491883022,0.13746767558000003
Max,0.58606745344,0.06913813564000001,0.032501894360000005,1.18515704074,0.18484429588,0.70651896366,0.3897005397400001
Mercury,1.9861513528,0.23560318280000003,0.11635902520000001,4.3165161258,0.6274354206,2.9921035422,1.5157155848000001
Mermaid,2.15019676528,0.25628163368,0.12851155932,4.32834916538,0.6618425825600001,2.9705881234200002,1.4316124303800002
Meson,0.39438841296000005,0.04623783276000001,0.023251318240000002,0.79205555316,0.12566386392,0.46951174644000004,0.25899420716000005
Metal,0.19494648948,0.023573636880000002,0.011999896119999999,0.39328505358,0.05660122696,0.26206628822,0.12894325758000003
Microsoft Developer Studio Project,0.19527638148,0.022550870880000004,0.011643042120000002,0.43303005158,0.05832460396,0.22186436122,0.13073288658
Microsoft Visual Studio Solution,0.19710372748000002,0.023392977880000002,0.011445642120000002,0.40419014958,0.06202801996000001,0.22440565522,0.12927120958000002
MiniYAML,1.7569919333200001,0.20789311592000004,0.10375754308000001,3.6827667542199998,0.55996962364,2.08435794298,1.1736564302200003
Mint,1.17968688388,0.15138574628,0.07034945372000001,2.36100621048,0.37569780976,1.38161597232,0.7776575644800001
Modelica,2.35407883576,0.36106588156,0.13721749844,7.078307955960001,0.75302667952,2.9107499416400002,1.6535619939600004
Modula-2,0.19615777448000002,0.024328750880000003,0.011055988120000002,0.41045621358,0.061605064960000004,0.23749558222,0.13016146158000003
Modula-3,0.9820669344000001,0.11732480940000001,0.0586601226,2.0039543409,0.3091665008,1.3086674871000001,0.6473679989000001
Module Management System,0.9852025624,0.11559770340000002,0.06568875260000001,1.9998410889,0.3015078988,1.1112950191,0.6500782159
Mojo,0.39242910996,0.045260138760000006,0.02508571124,0.82666019816,0.12161840092000001,0.47385242344,0.26181159316
Monkey,0.9848821424,0.12133769240000002,0.0552521606,1.9785639369,0.3095527088,1.2164302731,0.6521551819000001
Monkey C,0.19288696948,0.025082061880000003,0.01160723012,0.41280641558,0.061004371960000005,0.21933538722,0.14946938658000003
Moocode,0.5869769664400001,0.09004227464000002,0.03543636736,1.7653600747400002,0.19423294488,0.78647648366,0.39776239574000005
MoonBit,0.9916662214,0.12016839340000002,0.057554707600000005,1.9766234819,0.29770738280000003,1.2293917681000002,0.6499186669000001
MoonScript,0.19625836648,0.021099304880000003,0.011964171120000002,0.39974364258,0.06174188596,0.25847997122,0.13599271658000003
Motoko,0.39364026896000004,0.05052753276000001,0.02440227224,1.20957372216,0.12348583992,0.54688368444,0.2766152511600001
Motorola 68K Assembly,1.2092901548800001,0.13803875428,0.06834653172,2.47413312648,0.37752163776000003,1.33682912332,0.7942284464800001
Move,0.38387882296000003,0.046412257760000006,0.022775443240000002,0.79257791716,0.12017517692000002,0.52636939644,0.26032671716000005
Muse,0.39040746996,0.04660868876,0.02441292724,0.79872227516,0.12510681792,0.5829096794399999,0.26089104316
Mustache,0.7857896229200001,0.09369536852000002,0.04592184648,1.57216649132,0.25180262084000005,0.90276516388,0.5168557793200002
NASL,1.9511061538,0.24922851880000002,0.12231252120000001,3.9860940528,0.6318086256000001,2.4455928982,1.3022592898000003
NCL,3.1235312146800003,0.4085138380800001,0.19169451492,9.561642110280001,0.9756727973600001,3.7989733085200004,2.10233857528
NEON,0.39028925896,0.04655657776000001,0.023202648240000002,0.79470469016,0.12152869992000001,0.51608136244,0.25905704616
NL,0.39485493396000004,0.047037404760000005,0.023159151240000002,0.8207025611600001,0.12532495092,0.50335871144,0.26889331016000007
NMODL,0.38562112396000003,0.049464783760000006,0.023409856240000002,0.82338974416,0.12306645492,0.45782310944000004,0.26141695616000005
NPM Config,0.19572801448000002,0.024038245880000003,0.011057063120000002,0.39549140758,0.06257519596000001,0.22380497822,0.12943967958000002
NSIS,0.39119796096000004,0.04539411276000001,0.02439103024,0.7834739481599999,0.12753159092,0.7176196744400001,0.26062647516000004
NWScript,1.18070616188,0.13968641828,0.07037991772,2.37046438748,0.35322358076,1.57229723832,0.7733007174800002
Nasal,0.39007291596000004,0.06684258976000002,0.02389478124,1.19577885116,0.12377118192,0.53888714944,0.2598337941600001
Nearley,0.19718523148,0.022508673880000003,0.012322234120000001,0.39618077058,0.06187818196,0.25203586622,0.13030492958000003
Nemerle,0.19853491348000002,0.023876460880000002,0.01117726312,0.40667472858,0.06107975496,0.22224899722000002,0.14001628858
NetLinx,0.39458517096,0.045687171760000006,0.02182879624,0.78660563416,0.12559666092,0.5172441614400001,0.26118915416
NetLinx+ERB,0.39141582196,0.049085814760000006,0.02253916824,0.78925362016,0.11948957692,0.50349376844,0.25790199916
NetLogo,0.19624178348000001,0.022785432880000005,0.011291330120000002,0.39942610358,0.06377968096000002,0.25156219622000003,0.12992095658000002
NewLisp,0.58690911844,0.07018516164000001,0.036699501360000004,1.20269970474,0.19498022988000002,0.74165341866,0.40303206374000006
Nextflow,0.79155017092,0.09701959252000002,0.047345301480000004,1.57310167332,0.24809534484,0.97559017788,0.52281194332
Nginx,0.5828895684400001,0.07602959364,0.035898519360000006,1.3852614007400001,0.18532224988,0.6964451356600001,0.39618252374000007
Nim,1.17171948888,0.13974465328000002,0.07156790372,2.38169642348,0.37757928476,1.4084600903200002,0.7917147344800002
Nit,4.683798412520001,0.5755646211200001,0.28322017188000004,9.45445579692,1.48338216704,5.68423612328,3.1315420219200005
Nix,0.20254983448000002,0.021648171880000004,0.010564213119999999,0.39077531458,0.05845306496,0.23691437522,0.13139053658000002
Noir,0.5862725024400001,0.07270464164000001,0.03388513236,1.23418923374,0.18493271188,0.81113038366,0.3898920357400001
Nu,0.38471458096,0.047120987760000003,0.02311982824,0.7960503831600001,0.12393966292,0.45022540344000006,0.25929811216000004
Nunjucks,0.19665153548,0.02252023888,0.01197281812,0.39593064458,0.061617929960000005,0.22902537422000002,0.13043985158000002
Nushell,0.39276607996,0.04475722076000001,0.023892703240000004,0.80475534216,0.12291354392,0.48512769044000004,0.26077653816
OASv2-json,0.19703167748,0.023707313880000004,0.012056486120000001,0.40757959258,0.06156193496,0.25908326222,0.13095934858000002
OASv2-yaml,0.39543091196,0.04527702176000001,0.023469604240000004,0.8242698561599999,0.12291910192,0.45747963244,0.26244872416000004
OASv3-json,0.19596888948000002,0.023936109880000004,0.01090771912,0.40884016358,0.06060986996,0.24417823622,0.13072477658
OASv3-yaml,0.39087187996000006,0.04613533576000001,0.02403569724,0.82280131016,0.12553291292000002,0.48135785544,0.26119912416
OCaml,1.9844027878000001,0.23920468280000004,0.11271785520000001,4.6440134638,0.6121472476,2.5478661852,1.3023297438000003
Oberon,0.19608967248,0.024109517880000004,0.010968164120000002,0.39687466058,0.06303067596,0.22722389922000003,0.12825633458000002
Object Data Instance Notation,0.19979629448000003,0.024913348880000002,0.01207667112,0.42662616258,0.05706957096,0.22440524222000002,0.13125662958000003
ObjectScript,0.19562772048000002,0.025477064880000004,0.012100102120000001,0.41569632958,0.06760141096000001,0.23044696322000002,0.13062166758000002
Objective-C,4.34283106256,0.51650727336,0.26265422964,9.24858098676,1.3595099081200002,4.93349277484,3.1638643137600004
Objective-C++,0.39803243396,0.07083496676,0.025313123240000002,1.1987035181600003,0.11891984092,0.50527065344,0.26441307716000007
Objective-J,0.5841117344400001,0.08530911064000002,0.03528441636,1.8009464547400003,0.18167773088,0.6448691576600001,0.4052388547400001
Odin,0.19966110748000002,0.025984844880000003,0.012928455120000001,0.41677786258,0.061205292960000005,0.29259246122000004,0.12922122958
Omgrofl,0.19639560348000001,0.023252901880000003,0.011989165119999999,0.39330785658,0.06908976296000001,0.22110378322000002,0.13024094658000002
Opa,0.39065998496,0.04691954176,0.023451176240000003,0.77927468716,0.12005959992000001,0.44823679744,0.26133805016000006
Opal,0.19203241748000002,0.024754217880000002,0.010722791120000002,0.39174250458,0.06049869296,0.23372975422,0.13004567558000002
Open Policy Agent,0.77147223692,0.09047503952000002,0.047850535480000005,1.56689364032,0.24450530884000002,0.8926233428800001,0.5210732643200001
OpenCL,0.38843696096,0.04666085876000001,0.02228349424,0.81239206616,0.12404833192,0.46610042444,0.27129315816000005
OpenEdge ABL,1.15733141288,0.16063069628,0.07138514972,3.0639923334800003,0.36477532476,1.33226764532,0.7902894384800001
OpenQASM,0.19114827748000002,0.023040673880000005,0.01198496512,0.38955398658,0.06201776096000001,0.34256533222,0.12997072258000003
OpenRC runscript,0.19725107048,0.022485897880000005,0.01165204312,0.39244672458,0.06403533296000001,0.22010373322000001,0.13003221558000003
OpenSCAD,0.39700627996000004,0.05168642476,0.02287578024,0.79078433316,0.12055046292000002,0.56387683844,0.26212718916000005
OpenStep Property List,0.39021177096000004,0.04489602076,0.023432171240000004,0.81029846316,0.12683860792,0.43773533644000007,0.25649926416
Option List,0.9894696124000001,0.1162683334,0.0555571496,1.9681362709,0.3061087778,1.1087277161,0.6473659649000001
Org,0.19515809748000001,0.022788111880000003,0.01077106912,0.39387803758,0.06179239096,0.29649083622,0.14634027258
Ox,0.5955115024400001,0.07883178364000001,0.03598364136,1.18276877274,0.18693032388,0.7412727536600001,0.3874413607400001
Oxygene,0.19854837348,0.023466865880000003,0.01121571612,0.39503384958,0.061014574960000005,0.23019522422000002,0.12995796358000003
Oz,0.19643441348000001,0.022589179880000004,0.012169852120000001,0.39647937358,0.06372450896000001,0.35169393022,0.12802184958
P4,0.39350744496,0.047915199760000006,0.02387787424,0.7907058661599999,0.12751790892000003,0.54054406944,0.26166679116
PDDL,0.5905576864400001,0.07762671664000001,0.03522338536,1.17274456874,0.17892550288,0.68600568766,0.39120587974000004
PEG.js,0.39345826796000005,0.04587317776000001,0.024339648240000004,0.78412073116,0.12381334592000001,0.49079495744,0.26133202516000004
PHP,3.75967229612,0.44607386272000005,0.21979614928000002,7.91384270802,1.17661911724,4.81134037118,2.4678647230200004
PLSQL,1.5584010788400002,0.19758349104000003,0.09423584796000001,3.59128086864,0.48195227668,1.8488228097600001,1.07681975264
PLpgSQL,1.3660448923600002,0.16326470116000003,0.07823169784,2.84330963906,0.42887072272000004,1.66699080054,1.0304131040600002
POV-Ray SDL,2.4611019457600003,0.38517326356000003,0.14075272744,4.96939547096,0.74255712352,2.6656777216400003,1.5877570859600003
Pact,0.39158178696,0.04663282976000001,0.024232737240000003,0.79313481016,0.11808126792,0.51059510244,0.26130585716000004
Pan,3.5246221336400003,0.44945609084000004,0.20782010016000002,7.10710422344,1.1274449162800002,4.34396217996,2.3615702814400006
Papyrus,0.5814960624400001,0.06898319464000001,0.034388592360000005,1.19122420274,0.18891457388000002,0.7013670026600001,0.3926081307400001
Parrot Assembly,0.19466414748000002,0.023793397880000004,0.010127912119999999,0.39191822658,0.06243942296,0.21966104622000002,0.12883731358000003
Parrot Internal Representation,0.19492352848000002,0.025152720880000003,0.012067243120000001,0.39497787158,0.06132800996,0.22552002422,0.12995465458000002
Pascal,2.5437556472400003,0.30743854544000004,0.15084279056,5.25900895354,0.79804027548,3.2004759438600003,1.7075593015400004
Pawn,1.4383829243600001,0.31050165316,0.09001750584000001,3.8458839110600005,0.42622711272,2.02100694154,0.9196942720600001
Pep8,1.36642940136,0.16021895316000004,0.08873260684,2.77245273706,0.42087540472,1.9002922835400002,0.9084505600600001
Perl,5.3151533219600005,0.6753651887600001,0.31704055124,11.38448273966,1.63888770092,6.38553832194,3.5810329176600004
Pic,0.5852416434400001,0.07534956464,0.033173722360000005,1.17306537874,0.17747741088000002,0.61931805866,0.38944599174000005
Pickle,0.78547653892,0.09340037052000001,0.04787052148,1.64984545032,0.24874086784000002,1.28118323388,0.5186887713200001
PicoLisp,0.19639194348000003,0.022061599880000005,0.011777364120000001,0.40972599158,0.06266954996000001,0.22995775422,0.12967923558000002
PigLatin,0.19615977548000002,0.023725639880000003,0.011100857120000002,0.39372740758,0.06216399996,0.34652276922,0.13262567458000002
Pike,0.58844519744,0.06982099364000001,0.034271504359999996,1.18162065274,0.18091004988,0.6771504446600001,0.39484271974000007
Pip Requirements,0.39237584796,0.04711060076000001,0.023565987240000003,0.78782629316,0.13156930792000002,0.45101352544,0.25916744716000006
Pkl,0.58167737544,0.06932551364,0.03457239336,1.23615380274,0.18267982988,0.7569658426600001,0.38659715374000003
PlantUML,1.3674068963600001,0.18250866416000003,0.08128868884000001,2.76132105106,0.42805708972,1.48543950354,0.9112318040600002
Pod,0.7897234779200001,0.09482671952000002,0.04737367548,1.63536788832,0.23885060684000003,0.97715063688,0.5190153103200001
Pod 6,0.19431736248,0.023920819880000003,0.01100166712,0.41714456258,0.05663471996,0.22542526922,0.13076774858
PogoScript,0.19477562048000002,0.024232032880000004,0.01136789912,0.39574907758,0.06886494096000001,0.22400255022,0.13072623958000001
Polar,0.39144792196,0.04773799876000001,0.02434113524,0.7887018591599999,0.12809676292,0.53639287144,0.26046143616000006
Pony,1.1626741788800001,0.13987215328000002,0.06989194472,2.37374967148,0.36240397276,1.50971384532,0.7856211994800001
Portugol,0.39174138096,0.047172698760000006,0.02218917524,0.79066556916,0.12046185192,0.68429021644,0.26049830816
PostCSS,0.38971709796000004,0.052427560760000005,0.022846292240000003,0.78885591116,0.12121536492000001,0.45901365644000003,0.2615456111600001
PostScript,0.58260326844,0.07391032664000001,0.03281039136,1.18968145374,0.19512229388000002,1.05542177466,0.39136752874
PowerBuilder,1.1760404108800002,0.13931631628000002,0.06806684272,2.75518187648,0.37418605976,1.4079850503200002,0.7761862774800001
PowerShell,0.7823869819200001,0.09567733152000002,0.04459265548000001,1.57778655632,0.24719928384,0.99431121788,0.5257651003200001
Praat,0.58047537544,0.06806890164000001,0.03590697036,1.17546078374,0.17923875488000002,0.68738636966,0.3886537347400001
Prisma,0.9774898184,0.11705919840000001,0.0574201186,1.9823783709,0.3165371268,1.2260327981,0.6515905779000001
Processing,0.19606658148,0.023389940880000005,0.011461396120000002,0.39086473758,0.05778366896,0.34629944022000003,0.12949413658000003
Procfile,0.20023771348000002,0.024300443880000005,0.01120554712,0.39035566958,0.057621826960000004,0.22828598422000002,0.13148502558000003
Proguard,0.5829387314400001,0.06976225764,0.03517094936,1.23333852174,0.18448316188000002,0.7184921876600001,0.3961325387400001
Prolog,1.9822279818000001,0.23951400280000004,0.1159666032,4.0389205598,0.6187790056,2.5048708572000002,1.3100463628
Promela,1.3605176063600002,0.17814656516000002,0.08408811284,2.77389740306,0.42799375372000004,1.68869379654,0.9318134500600002
Propeller Spin,1.9711899988000001,0.23732768480000002,0.11657819920000001,3.9874012548,0.6126111506,2.2122671722000002,1.3012701448000001
Protocol Buffer,0.19522012148,0.022233413880000004,0.012321097119999999,0.40486649158,0.06131816096,0.22067532322000002,0.13043955758000003
Protocol Buffer Text Format,0.78910587592,0.09804054452000002,0.04691521248,1.99542359132,0.24698850284,0.89001878688,0.5227436783200001
Public Key,1.36199714336,0.17449095716000002,0.08115225184,2.83509385706,0.42539278672,1.5525362895400001,0.9110718530600002
Pug,0.39138368696000003,0.050463390760000004,0.02295311424,0.78710233016,0.12647073792000002,0.44869641244,0.27344200916000005
Puppet,0.9747473154,0.11783069740000002,0.057741483600000004,2.4216891979,0.31496218080000005,1.1981325021,0.6543563049000001
PureBasic,0.39602164196,0.051560639760000006,0.022693162240000002,0.79005654816,0.11817707792000001,0.45839536744000003,0.25883702116000007
PureScript,0.79652920792,0.10360330252000001,0.047921076480000005,1.57978131532,0.24423203384000003,0.9441368038800001,0.5213834833200001
Pyret,0.21195781148,0.024470667880000005,0.01123530012,0.39659279358,0.06332978296000001,0.23813282222,0.13023410458
Python,4.16165891408,0.54732114048,0.24012871852,8.56127467218,1.31801459916,5.07173714562,2.7403282051800004
Q#,0.39313151896000004,0.04522496376,0.02310087824,0.82703355116,0.11963244892000002,0.56934390844,0.25995556316
QML,0.19433920248,0.021952314880000004,0.012159351120000002,0.39486237258,0.059288301960000005,0.26112793522,0.13835530858000003
QMake,0.7785013569200001,0.10330734052000001,0.05443741448,1.60539568132,0.24425525584000002,1.0320544518800001,0.5220866863200001
Qt Script,0.38531279796000006,0.04614993276000001,0.022247909240000002,0.78495223116,0.12727197492000003,0.45108011544000004,0.26031170116
Quake,0.39525612496000007,0.04541342276,0.02327838524,0.78485042816,0.12456643792000002,0.45017133644000007,0.2605594921600001
QuickBASIC,0.59294945944,0.07280689764,0.036282432360000005,1.23577194274,0.18533396188,0.7581602296600001,0.40346861974000003
R,1.57145636584,0.19018481304000004,0.09257202796,3.22077789464,0.49777830468000006,1.8764192137600002,1.0408065216400002
RAML,0.19706093248,0.024250024880000002,0.01200049412,0.39455556658,0.05936956496,0.23023469822,0.12998667158000002
RBS,0.19555717948,0.024940984880000003,0.01102424812,0.39822521458,0.06124409396,0.23662483022000003,0.12975410058000003
RDoc,0.19447548048000002,0.022910588880000003,0.01221698912,0.39704299458,0.06148273196,0.25608073422,0.12889145058
REXX,0.79033570892,0.10009768152000001,0.047745398480000006,1.58438620232,0.23941803584000002,0.90499528488,0.5274900233200002
RMarkdown,0.39050120096,0.04653080676,0.02375939424,0.7888401001600001,0.13205236592000003,0.44187692544,0.2584296851600001
RON,0.19783664448000002,0.024188932880000003,0.01187576312,0.39186901458,0.06204420796000001,0.22288382022,0.12872760758000001
RPC,0.5887390854400001,0.06998731264000001,0.03482331736,1.24491589274,0.18169058688,0.7192178166600001,0.39503820074000007
RPGLE,1.75151101132,0.22119531892000002,0.10610610208,3.54569240622,0.55669930364,2.29034469298,1.1724946182200002
RPM Spec,0.58995528444,0.08148719664000001,0.037066475360000004,1.7876324217400001,0.18533628888,0.66329849966,0.39071639174000006
RUNOFF,0.77740329992,0.15364753952000001,0.045856134480000005,1.65438609132,0.24194555284000002,1.4775115498800002,0.52135428932
Racket,0.39183678196000005,0.04823018476,0.022885487240000002,0.78228872616,0.11901869792,0.46969125244,0.26127650516000006
Ragel,0.5963555784400001,0.06751763864000002,0.03543666436000001,1.17523284674,0.18045200688000002,0.9470256856600001,0.43959019874000005
Raku,4.7245514035200005,0.5620874441200001,0.28549457588,9.54493121392,1.4872987990400002,3.84845142128,3.2326374089200005
Rascal,0.9758192134000001,0.11967899440000002,0.05682402760000001,2.9599420889,0.3062758418,1.1814733671000002,0.6481662029000002
ReScript,0.19823901448,0.022863819880000004,0.01193929212,0.41452242658,0.05999314996,0.25940864322,0.13028133358000002
Readline Config,0.19602469848,0.024841485880000003,0.011444733120000002,0.39473265758,0.06145647096,0.22181725522,0.12976891758000003
Reason,1.1857891418800002,0.14098968728000003,0.06886297472,2.50431236148,0.36656292376,1.62723633232,0.7852875064800001
ReasonLIGO,0.19501142848000003,0.025053126880000002,0.01219980012,0.39775485058,0.06060217996,0.24591944122,0.12854621158
Rebol,1.1763765268800002,0.14294011528,0.07147332372000001,2.4055108664800002,0.37330492776,1.20697577632,0.78430230048
Record Jar,0.19075266648000003,0.025149766880000004,0.01184479812,0.39596668158,0.06115468996,0.22477269022000002,0.12982273158000002
Red,0.39793964896,0.04693899076000001,0.02143339024,0.78382394216,0.11862431792,0.47591590344,0.25874020916000007
Redirect Rules,0.19476631948,0.02330105488,0.01288284612,0.39187771758,0.06110810596,0.22273469422,0.12892892458000002
Regular Expression,0.7840660769200001,0.09236390252000001,0.04629459048000001,1.58108322432,0.23968756484,0.88950936788,0.52068690632
RenPy,0.19590173148,0.025427362880000002,0.01208174812,0.42107689558,0.057926642960000004,0.32296646322,0.12952541858000002
RenderScript,0.38583180696,0.04866191376000001,0.02363997724,0.8030553971600001,0.12800944592000002,0.47245767544000006,0.25984885616000003
Rez,0.58370157844,0.07052398164000001,0.03286225636,1.23123404574,0.18376727488000003,0.82477824666,0.3904794317400001
Rich Text Format,0.3852841449600001,0.04892570376000001,0.02436833424,0.80375589416,0.12368257692000001,0.44621012344,0.26009242816000006
Ring,0.77754913092,0.09327613252000001,0.047538163480000006,1.57390139532,0.25491754384,0.96056757488,0.52010723532
Riot,0.38695543596000004,0.04793271776000001,0.02368716824,0.79340646616,0.12745605792,0.47873224844,0.26100598716000006
RobotFramework,0.77842585992,0.09737310352,0.04584726948000001,1.58581587532,0.24324134283999999,0.99065368988,0.52219885332
Roc,0.7800308319200001,0.09227123752000001,0.04533393848,1.58695579532,0.24896623384000002,1.00814294888,0.5186654443200001
Roff,3.4993133216400003,0.4530641738400001,0.22071485216000003,7.40250436044,1.09661814628,4.0015645839600005,2.3817489054400003
Roff Manpage,2.35688486576,0.27908803056000003,0.14259192844000002,4.95787422196,0.73465249252,2.6831548886400003,1.5948101219600002
RouterOS Script,0.7805735289200001,0.11166361552000001,0.047640111480000004,2.3605619203200003,0.25046503484000004,0.8948254048800001,0.5202223723200001
Ruby,7.601901439720001,0.9032069203200002,0.46299558368000004,15.78400411162,2.39436002544,9.35899526158,5.088905961620001
Rust,0.7921366279200001,0.09909545552000001,0.04854439448,1.65682200732,0.25372538384,1.17758994288,0.5185175133200001
SAS,0.59646452444,0.07565129664,0.03553719836000001,1.19006620774,0.18520711388000002,0.9393470346600001,0.3925638987400001
SCSS,0.19136841348000003,0.024991396880000002,0.011757357119999999,0.39469219158,0.06205161496000001,0.29472534822,0.13119938758000002
SELinux Policy,0.78362671192,0.09572957752000001,0.04576934748,1.56813442332,0.26018449384000003,0.88924253888,0.51608778732
SMT,0.78233758192,0.09277919052000001,0.045501302480000005,1.59002059132,0.24453623284,1.01230901188,0.51828514832
SPARQL,0.39023478196000005,0.04728362576,0.02394514524,0.78093931016,0.12389656092000001,0.52773815044,0.26103044916000007
SQF,0.39353655896000006,0.045518891760000006,0.02423108824,0.78768483116,0.12262910792000001,0.46659454344000006,0.2606143471600001
SQL,2.76540897272,0.37070508532,0.17103398968,6.27439587012,0.85632092244,3.8962585460800003,1.9337011461200002
SQLPL,1.18101929788,0.13799178328,0.07095364272,2.4044596934799998,0.36399842776,1.44194982232,0.8569597654800001
SRecode Template,0.19504566248000002,0.022870722880000003,0.01203402512,0.5913484845800001,0.060323358960000004,0.22049382322000002,0.13114646958
SSH Config,1.1698660248800001,0.14109488128000003,0.07062911472,2.35043616348,0.36767143576000005,1.33465242532,0.7783467864800001
STAR,0.58250915544,0.07496146364,0.03443872136000001,1.24057813374,0.18187280988,0.68641174466,0.38895746974000006
STON,1.36855719836,0.16766771416000004,0.08128683584,2.7449678730600002,0.41998956772,1.5826100975400001,0.9135122720600002
SWIG,0.5982205204400001,0.07416657764000001,0.034882925360000004,1.2493182737400002,0.19511264388000002,0.7323721646600001,0.39893701574000007
Sage,0.19505867248,0.026381471880000004,0.012454740120000002,0.39228295058,0.06332510396,0.26119806622,0.13088160958000003
SaltStack,1.17136652288,0.15313033928000003,0.07173152272000001,3.52389659548,0.38817440776000006,1.37859926732,0.8942914704800001
Sass,0.19495944948000002,0.025473729880000004,0.01162584212,0.39405154258,0.06242449396,0.22740271022000003,0.13069612558000002
Scala,1.3749070753600001,0.15840474116000003,0.08599019084000001,2.79752082806,0.42577588872,1.7241882265400001,0.9078998730600001
Scaml,0.19506815148,0.021940763880000002,0.01104780612,0.39521168557999997,0.06316787096000001,0.23578759722,0.13729749758
Scenic,0.77400490792,0.09452587952000002,0.04751725248,1.57366042732,0.24035629184,0.96477603488,0.52097671032
Scheme,0.7831644909200001,0.11148842352000002,0.04792896948,1.98687833732,0.24515965984000002,0.95765532088,0.5408627343200001
Scilab,0.5794588354400001,0.07040092764000001,0.03390702636,1.19493099374,0.18053208188,0.67864606866,0.3998199627400001
ShaderLab,0.59292219144,0.08504981864000001,0.03480049436,1.7901851777400002,0.18433193888000002,0.7219130486600001,0.38948477274000004
Shell,10.7525437854,1.2999453764000002,0.6408703076000001,21.6327969849,3.3908303888,11.2164645231,7.1609604449000015
ShellCheck Config,0.19411017148,0.023343269880000003,0.011959624120000002,0.39427896558,0.06411241396,0.22513495622000002,0.13000187958
ShellSession,0.58151551544,0.07047484264000001,0.03435700236,1.18247379574,0.17956505988000002,0.6828949926600001,0.39515559474000006
Shen,0.5874565364400001,0.07170171064000001,0.03534142036,1.17940593774,0.19370254588000002,0.72598241766,0.40515682974000006
Sieve,2.15057238328,0.25787116568,0.12840137532,4.32461959738,0.67098955656,2.80273528742,1.43434035338
Simple File Verification,0.39389057996,0.047724657760000004,0.02258511224,0.78845174316,0.12172466792,0.44662065844000004,0.26082829116000006
Singularity,0.19435860648,0.022497470880000002,0.01161531512,0.39784866358,0.05672114196,0.23878064622,0.13453041958000003
Slash,0.19515194948,0.02395106388,0.011650391119999999,0.39061069358,0.06882860396000001,0.25689292922,0.13347470458000002
Slice,0.59438294544,0.07014448564,0.03477686536,1.23804576774,0.18683392788000003,0.7562469016600001,0.39011643874000007
Slim,0.19631003548,0.023019041880000004,0.01106220212,0.39077719758,0.06152283796,0.23223546222000002,0.13765246058000002
Slint,0.58970097044,0.07181825364000001,0.03543243636,1.19814988274,0.18378593988,0.7530826476600001,0.39073467774000004
SmPL,0.19588069448,0.026433492880000003,0.01183991312,0.39455124658,0.06330118896,0.23577020222,0.13072998458
Smali,1.35466128436,0.17811237316000003,0.08275662484000001,2.83969988406,0.42967189972000003,1.74252656954,0.9159472400600002
Smalltalk,1.9729536258000002,0.27387208780000005,0.1180969872,4.1027320858,0.6128835776,2.5921931052000002,1.3196512108000003
Smithy,0.19536176148,0.023278396880000003,0.011167034120000002,0.39410829458,0.06087726596,0.24701868822,0.13009638758000003
Snakemake,0.78065996392,0.10139524952000001,0.045076829480000004,1.57542989632,0.24383633084,0.93730944088,0.5198803643200001
Soong,0.20030974948000002,0.024027865880000002,0.01213233012,0.39356503258,0.06295061996000001,0.23252959222000003,0.12985038358000003
SourcePawn,0.5968739164400001,0.08170871464000001,0.03802942736000001,1.24315158174,0.18709653688000003,0.88068527366,0.39644302174000007
Squirrel,0.19735472448000002,0.02504887588,0.01130042912,0.39016737858,0.06229306296,0.23463589722,0.12976125658
Stan,0.57862462644,0.06867578264000002,0.03488960436000001,1.17993222074,0.17975922587999998,0.6653018926600001,0.41399309774000004
Standard ML,0.9986181304000001,0.11778864940000001,0.0590815306,2.0247454159,0.3036912788,1.1153367721,0.6556409849000001
Starlark,2.15201938728,0.25767057268000004,0.13017310832,4.39711371338,0.67430761256,2.61855759642,1.4409210393800003
Stata,1.3602090713600001,0.15949762316000002,0.08072716184,2.76588973606,0.42722055072,1.60081173554,0.9129205110600002
StringTemplate,0.20205174748000002,0.024292052880000005,0.011797889120000002,0.40873894858,0.06902411596000001,0.22998020622,0.13122538858000002
Stylus,0.19720329648,0.023335637880000003,0.010863939119999999,0.39020080958,0.06245084596000001,0.23375671422000002,0.13019597258
SubRip Text,0.19520883548,0.023315016880000004,0.01189826212,0.41159915058,0.061182986960000005,0.22430127422,0.13061351958000003
SugarSS,0.19488698848000002,0.023214420880000003,0.01109450612,0.39146793458,0.06212822696,0.22304869122,0.12964540558
SuperCollider,1.0087023014,0.11811691640000001,0.0590773116,2.0506546269,0.32321315780000004,1.2769074421000002,0.6609180639000001
Svelte,0.19595499748,0.023955824880000004,0.01182193912,0.39112216158,0.05706256696,0.26350924922,0.12967562458
Sway,0.9816667974000001,0.12022577640000001,0.0581629686,2.0532774069,0.3037084218,1.3194612461000002,0.6537290299
Sweave,0.39867839596000004,0.04986448576000001,0.022682561240000003,0.78972221416,0.12233771492,0.48733231244,0.26022992116000004
Swift,8.50953045564,0.9962250738400001,0.48488432116,16.84501103194,2.6375130492800003,9.86827987246,5.656096347940001
SystemVerilog,0.7890070129200001,0.09384159352000002,0.044806277480000004,1.5728561543200001,0.25235964884,1.1009598948800001,0.5265748143200001
TI Program,1.36367480036,0.15849864416000004,0.08317782584000001,2.76548271606,0.43290284072,1.55665812354,0.9084227690600002
TL-Verilog,0.38933061496000004,0.047264833760000007,0.02331682324,0.78293696516,0.12003756992,0.47388546444,0.25946442216000004
TLA,0.39299762596000004,0.04663129276000001,0.02425144124,0.78209754216,0.12413633192000001,0.53759939744,0.26030952216000003
TOML,1.3678497313600002,0.17621559816000001,0.07630094884000001,2.78004713106,0.43808237272000006,1.9181435965400002,0.9102840030600001
TSPLIB data,0.39282701796,0.048459959760000004,0.022827152240000002,0.82529845816,0.12299959592000001,0.44295465644,0.25930312616000006
TSQL,0.7871195419200001,0.09669633752000001,0.04936639048000001,1.63646063932,0.25064821684,0.9883868668800001,0.5980131423200001
TSV,0.5868158974400001,0.07130193264000001,0.03399740136,1.21859392374,0.18480315888,0.75511375566,0.3885713807400001
TSX,0.7884534819200001,0.09816975452000001,0.04750626848,1.67311754032,0.24591160484000002,1.00129847988,0.5323658013200001
TXL,0.19505409348000002,0.024658109880000004,0.01067144012,0.38995774058,0.06420121496,0.24798827022,0.13038230358000003
Tact,0.39265879996,0.047139138760000004,0.02215284924,0.81880752916,0.12149727792000001,0.46585822044,0.26001992516000005
Talon,0.39287247296000005,0.046373159760000005,0.02310540024,0.7888174541599999,0.13176604892,0.53644680944,0.25940429416000005
Tcl,1.37065469536,0.15824044316000002,0.07879700184,2.75765046906,0.43065585572000004,1.7536910675400001,0.9098871070600001
Tcsh,0.20800042248,0.027402577880000004,0.010641012120000001,0.40944075658,0.06437901596000001,0.36947175222,0.13305533858000002
TeX,1.37657420736,0.16335541816000002,0.08098608984,2.82027633206,0.42733385772000004,1.7218327125400001,0.9479272080600002
Tea,0.18849415048,0.024925848880000004,0.01308774112,0.39429266058,0.06278541996,0.24255238322,0.14878692458000004
Terra,0.57708317444,0.07298558564000002,0.03570044336,1.7700429377400002,0.18706124888000003,0.78755225366,0.40406644974000006
Terraform Template,0.38953613196000003,0.04481185876,0.023497739240000003,0.7807739381600001,0.12300948892,0.43915184444,0.26040933716000003
Texinfo,0.19502380848,0.021873044880000005,0.011044131120000002,0.39956442758,0.06335557296000001,0.21842061122,0.12887258258000003
Text,5.06708638148,0.64589225788,0.29834854112000003,10.80106278308,1.5969306919600001,6.25201588972,3.3910521920800005
TextGrid,0.5863691884400001,0.07054664364000002,0.03373343536,1.17527593374,0.18474715688,0.71551776466,0.3914074997400001
TextMate Properties,0.19882829248,0.024822974880000005,0.01118413812,0.39860654858,0.05693903996,0.22099531122000002,0.12948362658
Thrift,0.19095865648000002,0.022753036880000004,0.01116073112,0.40115667858,0.06100587196,0.22099332622,0.13166763258000003
Toit,0.58876546644,0.07203110564000001,0.035387132360000004,1.18933226074,0.18168498588,0.76777148466,0.38953038674000007
Turing,0.7815776429200001,0.09531883052000001,0.04327902448,1.64415664332,0.24366883684,0.97056612188,0.5364399613200002
Turtle,0.38525594996,0.049606473760000006,0.02309222124,0.7918423541599999,0.12220639292,0.53399197444,0.26063912916000004
Type Language,0.39593707296,0.04422786076,0.02399489324,0.79384838816,0.12374050992,0.44053991044,0.25887278816000003
TypeScript,1.18747573288,0.15073256628,0.07042052972000001,2.43231458548,0.38326242576,1.42625106232,0.7877387654800001
TypeSpec,0.39911711796000005,0.04572598076000001,0.023094393240000004,0.81986355116,0.12414070692000001,0.46400145444,0.26050630516000006
Typst,0.39080629696,0.04826737876000001,0.02254739524,0.82805659116,0.11957352492000001,0.54088146244,0.26044151616000005
Unity3D Asset,1.16870273688,0.14057117128000002,0.06890507872,2.38536107948,0.36617510976,1.33175851032,0.7827817264800001
Unix Assembly,0.79672505492,0.12010046652000002,0.04874235048,1.82870023732,0.26028655684,0.8898786858800001,0.5305171393200001
Uno,0.5847008114400001,0.07187610264000001,0.03520905036,1.18360488174,0.19209380488000002,0.73526322466,0.38666390374000004
UnrealScript,0.39204341196000003,0.04794074076,0.021989298240000003,0.79663828016,0.12426848792,0.50785915944,0.26004116516000003
UrWeb,0.39354343396,0.04623905276000001,0.02252393724,0.7886738921600001,0.12237786792000001,0.49089948744,0.26194475216
V,1.7593448603200001,0.21403507892000004,0.09871301908,3.68845574922,0.54161011664,2.08216839598,1.1819574352200002
VBA,1.9616555448000002,0.28079705680000006,0.1192928582,4.1504368488,0.6160751656000001,2.4508398692,1.3485836028000002
VBScript,0.19099474348,0.022884242880000003,0.011451660120000002,0.39053063458,0.06151774296,0.23174484022000003,0.13029378958
VCL,0.40320007796,0.04697964376000001,0.02292999224,0.7909900251599999,0.11767317492000001,0.47096933144,0.26193377616
VHDL,0.19626333348000002,0.023174834880000002,0.011791622120000001,0.39007412258,0.061555075960000004,0.22833379522000002,0.13029138058000003
Valve Data Format,0.19446083648,0.022164966880000005,0.01094992912,0.39017286058,0.061755466960000005,0.21932763822,0.12863809158000003
Velocity Template Language,0.58864350444,0.06847278364,0.03528044136,1.17873917574,0.17982233988000002,0.6658429556600001,0.3900320387400001
Verilog,2.75481289572,0.3653262393200001,0.16848759868000002,5.79414400112,0.8585732084400001,3.3464388730800003,1.8410100701200003
Vim Help File,0.19666743248000002,0.023898950880000002,0.011163364120000002,0.39145882258,0.062351296960000004,0.22087170722000002,0.12887710258
Vim Script,1.7559845303200001,0.22427645592000003,0.10246217308000001,3.58734217422,0.5417534566400001,2.0019894759800003,1.1757062882200002
Vim Snippet,0.39203299896,0.046192405760000006,0.023416534240000002,0.78920732216,0.12105255992,0.44296829644,0.2591918671600001
Visual Basic .NET,0.5817094914400001,0.06913852264,0.055997362360000004,1.19813497174,0.18571543788,0.66782853766,0.4160492117400001
Visual Basic 6.0,2.1694229372800002,0.27574875768,0.12838090432000002,4.50433884038,0.6819292905600001,2.4541822584200004,1.4653101073800001
Volt,0.19512284648,0.024791045880000005,0.01111268012,0.39273616358,0.06264023396000001,0.23036305822,0.12919825358000003
Vue,0.39172557196,0.04893343876,0.022777655240000003,0.7883779871600001,0.12504583592000001,0.45816496544,0.27619746716000004
Vyper,0.9667307104,0.11511681240000002,0.0585963266,1.9754887299,0.3071567418,1.2642431941,0.6543365079000001
WDL,0.78395763492,0.09458407252,0.045404104480000006,1.58250807732,0.24235335184,0.96156811588,0.5206307843200001
WGSL,0.19660346848000002,0.027936459880000004,0.011965102120000001,0.38952103558,0.06397893696000001,0.24404764322000003,0.13109847758
Wavefront Material,0.7848839589200001,0.09265998252000002,0.047760371479999994,1.56420357232,0.24522789484000002,0.88702397188,0.5204444383200001
Wavefront Object,0.9758372274,0.11668292140000001,0.058211873600000005,1.9833694539,0.30641741980000003,1.1119881361000001,0.6486772689000001
Web Ontology Language,0.21628844948,0.023426673880000002,0.01114067312,0.42218803758,0.06187274496,0.22000051022,0.13066792058
WebAssembly,1.19030133488,0.15586313028,0.07178630372,2.36586210948,0.36416261076,1.39631886332,0.7860454034800001
WebAssembly Interface Type,0.19954548148,0.023925839880000004,0.01102694412,0.39614713258,0.061587820960000005,0.22600974322,0.13008755058000002
WebIDL,0.39667136296000005,0.04767849976000001,0.02339254824,0.78983214716,0.12289686392000002,0.48112011444,0.25962115316000006
WebVTT,0.59701131444,0.06898540864000001,0.03565953636000001,1.18344277674,0.18401987788000002,0.87899154366,0.38866520274000005
Wget Config,0.19624116548,0.024720882880000003,0.01185019512,0.39698453358,0.06396241396,0.21936111622,0.12936837358000003
Whiley,0.58748911344,0.07656414664000001,0.03611968936,1.18328740174,0.18507915487999999,0.7180158346600001,0.39127843974000004
Wikitext,0.38940187996000003,0.045607510760000004,0.024150213240000003,0.78920896416,0.12374761192,0.5268433504400001,0.25860093616
Win32 Message File,0.19755599448000002,0.024701260880000003,0.01260456212,0.41144653158,0.06140017196,0.22448065322000002,0.14998833158000002
Windows Registry Entries,0.19298667248,0.024221944880000002,0.011202267120000001,0.39239982858,0.05886051496,0.22536427522000002,0.13339628958000002
Witcher Script,0.38165816896000004,0.04690775676,0.02403047524,0.78633103516,0.12196766992,0.44537802444,0.26003687516000007
Wollok,0.39488734796,0.04696676676000001,0.023763174240000004,0.80478582716,0.13072725292,0.46809732644,0.26067321316000003
World of Warcraft Addon Data,0.5772283304400001,0.07969143964000001,0.035684665360000006,1.2271525887399999,0.19369264288000004,0.6692471466600001,0.4423757327400001
Wren,0.18924387348000002,0.025942909880000004,0.01204548612,0.39894334558,0.06366808296000001,0.23494568922,0.13041618058
X BitMap,0.19392132548000002,0.022941063880000005,0.01147217112,0.39074840058,0.061362578960000004,0.22409282222000002,0.13114532158000003
X Font Directory Index,0.77942775292,0.09184382452,0.04659424048,1.58862658232,0.23345812284,0.89143362388,0.51990085632
X PixMap,0.39603741496,0.045136868760000004,0.02240026524,0.8116780451600001,0.12714945192000002,0.45127806944000004,0.26548761816000005
X10,3.5134287436400005,0.43553876384000006,0.20743424016,7.09729832044,1.1259768242800001,4.24652594296,2.3485478814400005
XC,0.19538678148000002,0.025214165880000004,0.012025273119999999,0.39235645058,0.05856745196,0.23105045622,0.13112567058000002
XCompose,0.19525670748,0.024648946880000005,0.012110614120000002,0.39989195758,0.05836122596,0.40100840822,0.12822496958000001
XML,14.34624762904,1.7092988082400002,0.85579786276,30.56448466334,4.52114747308,17.09233769406,9.528844053340002
XML Property List,1.9612056098000001,0.24610681480000002,0.1149549452,4.0059906748,0.6510899046,2.2311478912,1.2991162108000003
XPages,0.38888229896000004,0.04903437176000001,0.022943716240000002,0.78854811816,0.12051863992,0.45474401144,0.25994108616
XProc,0.19603374048000002,0.024753052880000005,0.01148009112,0.39632344458,0.06197331896,0.22245656422,0.13746399358000003
XQuery,0.19773165948000002,0.023878429880000003,0.01066991212,0.39663094858,0.06353222896,0.23242703122000002,0.13699865058000002
XS,0.19798970348,0.024817419880000004,0.01267582012,0.40927213458,0.08114677996000001,0.24624182722000001,0.13799726658000003
XSLT,0.19642685348000002,0.024570779880000004,0.011980768120000002,0.39275688958,0.06315575196,0.22347783322,0.13636868858
Xojo,1.18060883988,0.15152194428000001,0.06966367172,2.36123750048,0.36517597676,1.3836733003200001,0.7824670304800001
Xonsh,0.19566245648000002,0.024625963880000004,0.010661116120000001,0.39305257658,0.062484387960000005,0.22715456622000002,0.13027303458000003
Xtend,0.39014481196000006,0.05276283876000001,0.02215939524,0.7867481441599999,0.12518132592000003,0.46702591644,0.26733284016000003
YAML,3.1666504146800003,0.38384897608000007,0.18830034892,6.35876913428,1.00679149936,4.16733770852,2.0893724162800003
YANG,0.19456248048000002,0.024794803880000004,0.011354167120000001,0.39139560558,0.05661998296,0.23167307722000002,0.12986547458000003
YARA,0.59014367444,0.06848697864000002,0.03554409736,1.17369204074,0.18023201988,0.67077159366,0.3923905367400001
YASnippet,0.39437117096,0.05062326176000001,0.024476404240000003,0.79018248316,0.11889203692,0.45996904044,0.25826366916000004
Yacc,0.19063774748,0.023133685880000004,0.01183216112,0.41087160358,0.061473959960000005,0.26246357922,0.12853381658000002
Yul,0.39092373796,0.048058655760000006,0.02106651324,0.79491266616,0.11529399992,0.47887404044000004,0.25742187016000007
ZAP,0.19289390948000001,0.025248712880000003,0.01123544312,0.39219138358,0.06026708296,0.35304971622000003,0.12902173558000002
ZIL,0.19529909648000002,0.023749406880000004,0.01249829912,0.40119910658,0.060615910960000005,0.7105247802200001,0.12846949658
Zeek,0.5872446854400001,0.07607814264000001,0.032550530359999996,1.19338842374,0.18431944388,0.71862461266,0.3925458257400001
ZenScript,0.19500940448,0.023548209880000004,0.01194925912,0.39842787958,0.061915467960000005,0.23164703922000002,0.12986133158000002
Zephir,0.38860451596,0.04670838876000001,0.02297985224,0.78954670216,0.12282394992000001,0.62132710444,0.25999682716000005
Zig,0.78273129992,0.09036172052000002,0.047412492480000006,1.5755837213200001,0.24533135384000002,0.9324374628800001,0.5219303173200001
Zimpl,0.19605453548000001,0.024260640880000003,0.011659714120000001,0.40069468558,0.06168377096,0.25308224922,0.12970208258000002
cURL Config,0.19446666348000002,0.024390242880000003,0.012227863120000002,0.40224096658,0.061402481960000005,0.22040426522,0.13001759658000003
crontab,0.19815332348,0.022789150880000004,0.01080489212,0.39465715258,0.062112762960000005,0.22175673322,0.12819042158000002
desktop,0.39074939196,0.04725877676000001,0.02157386524,0.78324422616,0.11525651392,0.42850569244000003,0.26814692016
dircolors,0.19631375848000002,0.022730276880000004,0.01171488712,0.39671991458,0.06273926496000001,0.23059254322,0.13040846158000002
eC,0.19740228948000002,0.022788034880000002,0.01108280512,0.39702828058,0.060740107960000005,0.23680147522,0.13304926858000002
edn,0.19572878648000003,0.024666543880000003,0.01076821612,0.39556346058,0.06399948196000001,0.23070708622000002,0.12888095258
fish,0.58661926844,0.06922152864,0.03453154836,1.17996644174,0.18931630488,0.7650119496600001,0.3960901787400001
hoon,0.38953405696,0.050962624760000005,0.02196035224,0.81656923016,0.11996639192,0.48293157744000004,0.25842475216000005
iCalendar,0.40574572496000005,0.04836426476000001,0.02326467124,0.78369906416,0.11689650392,0.48155289644000004,0.26069280516000004
jq,0.39216341596000004,0.05613232076000001,0.02319584724,1.1931021101600001,0.12584815592,0.5022532254400001,0.26201568016000004
kvlang,0.19334242948000002,0.024295439880000002,0.01158667512,0.39504545758,0.06285211996000001,0.24410671822000002,0.13159329758000002
mIRC Script,0.77378744192,0.09227836652000002,0.04592310848,1.62113501232,0.24402803384000002,0.88508095088,0.51596717132
mcfunction,0.19914404548,0.023756145880000003,0.011285688120000002,0.39730009358,0.06292039896000001,0.23135594622000002,0.13012641158000002
nanorc,0.58414430344,0.07465583064,0.03543919736,1.1904549227399999,0.19373892088,0.69040214866,0.39109021274000005
omnetpp-msg,0.5875178994400001,0.06903635364,0.035128589360000004,1.24634424374,0.18529965488,0.7080090116600001,0.39171548474000006
omnetpp-ned,0.58048477344,0.06825237664,0.03411673436,1.18523861974,0.18504319688,0.70170863866,0.38853600174
q,0.39137252596000005,0.050478208760000004,0.02346278124,0.81932465116,0.11878647592,0.53876817044,0.26079741716000004
reStructuredText,0.19059309348,0.024707805880000003,0.01196302112,0.39678462658,0.060136187960000004,0.26318107522,0.13010164758
robots.txt,0.19399296448,0.023409385880000005,0.011044751120000001,0.39563659258,0.06290353296000001,0.22301161022000002,0.13186707058000002
sed,0.19467960148000002,0.024099012880000003,0.01088708512,0.39668964557999997,0.06339954496000001,0.25784287222,0.13177938658000002
templ,0.19571896248,0.023953351880000005,0.011081143120000001,0.39158155158,0.06129100396,0.23195087922000002,0.13048949858000003
vCard,0.38935980396000003,0.04651058676000001,0.02421494124,0.82584245516,0.13045382192000002,0.48618404044,0.26010099816000004
wisp,0.20306292048000002,0.025225992880000003,0.012008287119999999,0.39942571758,0.062116266960000006,0.24972009622000002,0.13517649758000003
xBase,1.21866228844,0.07221068164000001,0.03412333136,1.19547617674,0.18748471588,0.80067093666,0.38917205074000005
